,1058,만족 ,네****,2022-11-05 02:35:33,늘쓰는거 넘좋아요~^^(2022-11-04 04:03:48 에 등록된 네이버 페이 구매평)
,1057,만족 ,네****,2022-11-05 02:35:33,늘쓰는거 넘좋아요~^^(2022-11-04 04:03:36 에 등록된 네이버 페이 구매평)
,1056,아직 사용전이긴 한데 산책 후에 써보려구요 ,네****,2022-11-03 04:18:54,아직 사용전이긴 한데 산책 후에 써보려구요(2022-11-02 17:34:07 에 등록된 네이버 페이 구매평)
,1055,아직 사용전이긴 한데 산책 후에 써보려구요 ,네****,2022-11-03 04:18:54,아직 사용전이긴 한데 산책 후에 써보려구요(2022-11-02 17:33:44 에 등록된 네이버 페이 구매평)
,1054,아직 사용전이긴 한데 산책 후에 써보려구요 ,네****,2022-11-03 04:18:53,아직 사용전이긴 한데 산책 후에 써보려구요(2022-11-02 17:33:14 에 등록된 네이버 페이 구매평)
,1053,만족 ,네****,2022-10-30 03:39:07,다른 물티슈 보다 진짜 더러운게 잘닦이고@/@ 발젤리도 촉촉해지는것 같네요. 다만 단점은 향이 조금 강한거..?(2022-10-29 12:42:22 에 등록된 네이버 페이 구매평)
,1052,상품잘받았습니당ㅋㅋ잘쓸게요 ,네****,2022-10-29 04:12:49,상품잘받았습니당ㅋㅋ잘쓸게요(2022-10-28 16:01:09 에 등록된 네이버 페이 구매평)
[SUSAN LANCI] 수잔랜시 누보 보우 팅키하네스5colors,1051,재입고문의 ,김****,2022-10-29 04:12:49,상품잘받았습니당ㅋㅋ잘쓸게요(2022-10-28 16:01:09 에 등록된 네이버 페이 구매평)
[ODD STUDIO] 또또또 친구들 체크 UV썬캡 오댕(S사이즈 11월초 입고예정),1050,세번째 구매합니다~ 너무 이쁘고 좋아서 지인 강아지한테도 선물햇어효~~ 체크도 이쁘지만 단색 디자인도 많... ,네****,2022-10-25 03:53:08,세번째 구매합니다~ 너무 이쁘고 좋아서 지인 강아지한테도 선물햇어효~~ 체크도 이쁘지만 단색 디자인도 많이 나왓으면 좋겟ㅇㅓ효~ 정말 너무 좋아요(2022-10-24 16:06:01 에 등록된 네이버 페이 구매평)
[ODD STUDIO] 골지수면조끼(2COLOR),1043,만족 ,네****,2022-09-18 04:28:30,단추달린 조끼형식으로 된 옷밖에 못입는데 이 옷에 달린 단추는 그냥 장식이더라구요 ㅜㅜ.......옷은 되게 이쁜데 아쉬워요 ㅜㅜ(2022-09-17 15:49:29 에 등록된 네이버 페이 구매평)
[ODD STUDIO] 또또또친구들 하네스 따또(옐로우),1042,사이즈도 딱맞고 넘귀여워요ㅋㅋ ,네****,2022-09-16 05:43:48,사이즈도 딱맞고 넘귀여워요ㅋㅋ(2022-09-15 20:56:38 에 등록된 네이버 페이 구매평)
[ODD STUDIO] 신호등 양면패딩 베스트 (민트&라벤더),1041,너무 이뻐요사이즈 품절 된거 보고 속상했는데 다시 풀린거 보고 바로 구매했어요 ,네****,2022-09-08 05:17:36,너무 이뻐요@>@사이즈 품절 된거 보고 속상했는데 다시 풀린거 보고 바로 구매했어요(2022-09-07 21:28:24 에 등록된 네이버 페이 구매평)
[ODD PLAY] 달팽이 노즈워크 장난감,1040,만족 ,네****,2022-09-07 04:07:35,난이도가ㅈ그럭저럭 높아요.놀이시간이 길어서 좋아요(2022-09-06 15:01:12 에 등록된 네이버 페이 구매평)
[베스트에버] 뱀장어 바스락삑삑 토이,1039,보통 ,네****,2022-09-07 04:07:35,꼬리가 더 길었으면 좋았겠지만@>@바스락거리고 좋아요(2022-09-06 15:00:24 에 등록된 네이버 페이 구매평)
[ODD STUDIO]뉴 아이스크림 쿨링 크롭탑 (네온오렌지),1038,예뻐요 ,1****,2022-09-02 15:21:16,2.4kg 포메에요. m사이즈 주문했더니 딱 맞아요~ 무게는 적게 나가도 목@/@ 가슴 둘레 확인해서 주문해야겠더라고요. 늘 s와 m 이 고민되는데 m 주문하니 딱 맞네요 쫀쫀하니 몸에 착 감기고 부들부들 하고 촉감도 좋아요 
[ODD STUDIO] 보드레망또 (2COLOR),1037,예뻐요 ~ ,1****,2022-09-02 15:19:18,사이즈 보고 주문해서 보통 m 입는데 s로 했더니 조금 작은 느낌은 있지만 그래도 예뻐요~ 겨울에 캠핑다닐때 추우면 입히려고 샀어요~ 포근해보이는 재질이고 부드러워요 
[ODD STUDIO] 따또 인형 방수헤어밴드 (스누드),1036,이것도 완전 귀여워요~^^ ,1****,2022-08-31 21:43:28,이 색도 너무 귀엽네요~~원래 머리에 뭘 쓰는 걸 싫어해서 빨리 사진 찍고 벗겨 줬지만 완전 만족합니다~~^^
[ODD STUDIO] 껴또 인형 방수헤어밴드 (스누드),1035,완전 귀여워요~^^ ,1****,2022-08-31 21:39:56,강아지한테 씌워 줬더니 얼음이 돼 버린긴 했지만 완전 귀엽습니다~~애견샵에서 목욕을 해서 집에서는 필요없지만 사진만 찍어도 활용도 짱입니다~만족합니다~^^
[ODD STUDIO] 껴또 인형 방수헤어밴드 (스누드),1028,늘 쓰는거지만 좋아요 ~~ ,네****,2022-07-09 06:31:20,늘 쓰는거지만 좋아요 ~~(2022-07-08 23:06:18 에 등록된 네이버 페이 구매평)
[ODDPET TABLE] 멍맥주 캔,1027,애기가 잘먹어용 ,유****,2022-07-08 18:01:56,저희 아이가 너무 잘먹네요~또 사먹여야겠어요ㅎㅎ
[오드펫포차] 멍맥주&멍소주&멍안주증정 ♥증정이벤트♥,1026,만족 ,네****,2022-07-06 03:45:57,넘 마음에 듭니다~^용량도 많고~^진짜 귀여워용~^(2022-07-05 12:11:53 에 등록된 네이버 페이 구매평)
[오드펫포차] 멍맥주&멍소주&멍안주증정 ♥증정이벤트♥,1025,만족 ,네****,2022-07-06 03:45:57,캬~~진짜 사람꺼라해도 믿겠는걸요?~^울강쥐 생일날 쏘맥으로 한잔 쭉ㅎㅎ(2022-07-05 12:11:13 에 등록된 네이버 페이 구매평)
[ODD STUDIO]데이지 셔링 크롭 원피스 (핑크),1024,넘 귀여워용 홍시야 사랑해 ,네****,2022-06-22 04:26:18,넘 귀여워용 홍시야 사랑해(2022-06-21 15:42:37 에 등록된 네이버 페이 구매평)
[ODD STUDIO]또또또친구들 도트 UV썬캡 (4COLOR)(12월초 입고예정),1023,만족 ,네****,2022-06-13 02:40:48,귀여워요 너무 귀ㅣ엽고 좋은데 크기가 애매해요ㅜㅜㅜ(2022-06-12 04:01:35 에 등록된 네이버 페이 구매평)
[ODDPET TABLE] 스위트 말랑고구마(큐브,스틱),1022,만족 ,네****,2022-06-13 02:40:48,저희집 애기가 환장하게 젛아하네요 조금 딱딱한게 아쉬워요(2022-06-12 04:01:09 에 등록된 네이버 페이 구매평)
[ODD STUDIO]플라워 시스루 크롭탑-애플그린,1021,만족 ,네****,2022-06-13 02:40:48,이거 포인트 주기 쵝오..!! 너무 긔여워요 패셔니스타 된 기부누ㅠㅠㅜ(2022-06-12 04:00:43 에 등록된 네이버 페이 구매평)
[ODD STUDIO]또또또친구들 하네스 누또 (핑크),1020,타가 제품처럼 가슴과 목에 벨크로가 되어있지만이건 가슴에 바클까지 채워져서 아주 튼튼해보입니다 기타 ... ,네****,2022-05-28 02:16:50,타가 제품처럼 가슴과 목에 벨크로가 되어있지만@>@이건 가슴에 바클까지 채워져서 아주 튼튼해보입니다 기타 다른 색상도 재고가 생기면 좋겠네요 입으니 더 이쁨(2022-05-27 00:47:07 에 등록된 네이버 페이 구매평)
[ODD STUDIO] 따또 크롭 탱크탑,1013,너무 귀여워요!! 다견가정 세트로 입혀놓으면 더이쁜거같아요 신축성은 없는편이라 사이즈 잘보고사야할것 ... [1],네****,2022-05-17 04:04:41,너무 귀여워요!! 다견가정 세트로 입혀놓으면 더이쁜거같아요 신축성은 없는편이라 사이즈 잘보고사야할것 같습니다(2022-05-16 15:09:12 에 등록된 네이버 페이 구매평)
[ODD STUDIO]데이지 셔링 크롭 원피스 (핑크),1012,색상도 너무 예쁘고 디자인도 예뻐요~~^^등이긴 푸들인데 크롭 느낌으로 넘 귀여워요 ,네****,2022-05-09 02:30:47,색상도 너무 예쁘고 디자인도 예뻐요~~^^등이긴 푸들인데 크롭 느낌으로 넘 귀여워요(2022-05-08 06:39:20 에 등록된 네이버 페이 구매평)
[ODD STUDIO] 해또 크롭 탱크탑,1011,역시 예쁘네요! 다섯개중 세개있는데 두개도 살까 고민중.. ,네****,2022-04-29 05:58:57,역시 예쁘네요! 다섯개중 세개있는데 두개도 살까 고민중..(2022-04-28 21:56:00 에 등록된 네이버 페이 구매평)
[ODD STUDIO]오로라 시스루 원피스-오로라퍼플,1010,애기가 3.4-5 나갈 때 m 시켰는데 생각보다 짧았어요 올 여름에 입히고 못 입힐 것 같아여 ,네****,2022-04-28 05:22:56,애기가 3.4-5 나갈 때 m 시켰는데 생각보다 짧았어요 올 여름에 입히고 못 입힐 것 같아여(2022-04-27 19:53:16 에 등록된 네이버 페이 구매평)
[ODD STUDIO] 따또 크롭 탱크탑,1009,넘 예뻐요 ㅠㅠ 총 세개있는데 다른색 다 살까봐요… ,네****,2022-04-27 03:11:07,넘 예뻐요 ㅠㅠ 총 세개있는데 다른색 다 살까봐요&hellip;(2022-04-26 11:27:00 에 등록된 네이버 페이 구매평)
[ODDPET TABLE] 오아오 수제 미트볼 3종,1008,만족 ,네****,2022-04-25 05:20:29,아이가 잘먹어요! 놀러가거나 산책갈때 꼭 챙겨가요(2022-04-24 22:57:42 에 등록된 네이버 페이 구매평)
[ODD STUDIO]데이지 셔링 크롭 원피스 (핑크),1007,너무 귀여워요 ㅠㅠ 저렴한가격에 너무 이쁘네요 ,네****,2022-04-23 02:24:46,너무 귀여워요 ㅠㅠ 저렴한가격에 너무 이쁘네요(2022-04-22 02:19:32 에 등록된 네이버 페이 구매평)
[ODD STUDIO]데이지 셔링 크롭 원피스 (핑크),1006,저렴하게 잘 샀어요 사이즈도 잘 맞고 예뻐요 ,네****,2022-04-22 02:21:40,저렴하게 잘 샀어요 사이즈도 잘 맞고 예뻐요(2022-04-21 01:21:51 에 등록된 네이버 페이 구매평)
[ODD STUDIO]데이지 셔링 크롭 원피스 (핑크),1005,만족 ,네****,2022-04-20 02:56:13,너무 저렴한 가격에 예쁜 옷을 구입 하여서 기분이 좋아요 자주 할인해 주세요(2022-04-19 09:08:16 에 등록된 네이버 페이 구매평)
[ODD STUDIO] 데이지 셔링 크롭 원피스 (그린),998,만족 ,네****,2022-04-16 05:11:43,너무 귀여워용 저렴하게 잘 구매했어요 분홍색도 하나 더 구매하려구용(2022-04-15 17:57:10 에 등록된 네이버 페이 구매평)
[ODD STUDIO] 데이지 셔링 크롭 원피스 (그린),997,만족 ,네****,2022-04-16 02:28:28,졸귀탱인데 등쪽 프릴부분이 자꾸 발라당까져서 @>@좀 아쉽ㅠㅠ(2022-04-15 01:03:45 에 등록된 네이버 페이 구매평)
[ODD STUDIO] 데이지 셔링 크롭 원피스 (그린),996,만족 ,네****,2022-04-15 03:16:07,색상 너무 예쁘고 크롭이라서 더 귀여워요(2022-04-14 10:10:10 에 등록된 네이버 페이 구매평)
[ODD STUDIO] 데이지 셔링 크롭 원피스 (그린),995,옷은예쁜데 ,ㅎ****,2022-04-14 17:26:11,끝자락 프릴이 자꾸 뒤집ㅇㅓ까져요ㅠㅠ
[ODD STUDIO]플라워 시스루 크롭탑-애플그린,994,너무...작아요...그런데 가격대비 예쁩니다!어쨌든 추천 ,네****,2022-04-13 03:45:03,너무...작아요...그런데 가격대비 예쁩니다!어쨌든 추천(2022-04-12 13:55:46 에 등록된 네이버 페이 구매평)
[ODD STUDIO] 데이지 셔링 크롭 원피스 (그린),993,만족 ,네****,2022-04-09 05:54:18,앙증스럽고 예쁘게 잘 맞아요(2022-04-08 21:58:49 에 등록된 네이버 페이 구매평)
[ODD STUDIO] 크레용 크롭맨투맨 오댕  퍼플,992,옷은 너무 귀여운데 ,, ㅋㅋ한사이즈 큰거 살걸그랬어요 !!!!! 3.5키로 m사이즈 아주 따아아아악 맞습니당 ,네****,2022-04-08 06:23:06,옷은 너무 귀여운데 @/@@/@ ㅋㅋ한사이즈 큰거 살걸그랬어요 !!!!! 3.5키로 m사이즈 아주 따아아아악 맞습니당(2022-04-07 23:37:48 에 등록된 네이버 페이 구매평)
[ODD STUDIO] 데이지 셔링 크롭 원피스 (그린),991,만족 ,네****,2022-04-08 05:52:08,사이즈 엄청작아요 모델 사이즈 보고 샀는데 원래 m 입는아이인데 앞발 한쪽 끼니까 다른쪽 발 넣어지지도 않아서 그냥 바로 한사이즈 큰거로 다시 주문함(2022-04-07 22:04:02 에 등록된 네이버 페이 구매평)
[ODD STUDIO] 데이지 셔링 크롭 원피스 (그린),990,만족 ,네****,2022-04-08 03:53:33,2.6키로 아가 m사이즈 예쁘게 맞아요(2022-04-07 12:42:00 에 등록된 네이버 페이 구매평)
[ODD STUDIO] 데이지 셔링 크롭 원피스 (그린),983,만족 ,네****,2022-04-07 03:47:16,사진보다 실제가 훨씬 더 예쁩니다! 다른 색깔도 구매하고 싶네요>_<너무 예뻐요 놀러 갈 때 입혀야 겠어요 ❤️(2022-04-06 12:43:57 에 등록된 네이버 페이 구매평)
[ODD STUDIO]오로라 시스루 원피스-오로라퍼플,982,만족 ,네****,2022-04-05 05:49:21,예뻐요! 세일때 사서 싸게 구매했습니다(2022-04-04 23:39:15 에 등록된 네이버 페이 구매평)
[ODD STUDIO]데이지 셔링 크롭 원피스 (핑크),981,만족 ,네****,2022-04-05 05:49:21,예뻐요! 세일때 사서 싸게 구매했습니다(2022-04-04 23:38:59 에 등록된 네이버 페이 구매평)
,980,만족 ,네****,2022-04-04 04:52:10,너무 예뻐요 매장에서 구매 후 대만족@>@재구매 했습니다!!(2022-04-03 21:21:55 에 등록된 네이버 페이 구매평)
[ODD STUDIO]오로라 시스루 원피스-오로라퍼플,979,귀엽고 이빠여 :)) ,네****,2022-04-03 02:10:41,귀엽고 이빠여 :))(2022-04-02 00:00:01 에 등록된 네이버 페이 구매평)
[ODD STUDIO]데이지 셔링 크롭 원피스 (핑크),978,상큼하고 넘 이빠요~~ ,네****,2022-04-02 06:40:44,상큼하고 넘 이빠요~~(2022-04-01 23:58:52 에 등록된 네이버 페이 구매평)
[ODD STUDIO]오로라 시스루원피스-오로라핑크,977,여름이 빨리 기다려지네요~이뻐요 :) ,네****,2022-04-02 06:40:42,여름이 빨리 기다려지네요~@>@이뻐요 :)(2022-04-01 23:57:55 에 등록된 네이버 페이 구매평)
[ODD STUDIO] 신호등 양면패딩 베스트  (아이보리&핫핑크),976,만족 ,네****,2022-04-02 04:30:12,이뻐요 많이파세요 ~~~(2022-04-01 13:45:38 에 등록된 네이버 페이 구매평)
[ODDPET TABLE] 강아지멍빼로(3종류 맛),975,만족 ,네****,2022-04-02 04:30:12,세일해서 잘 삿네요~~~~(2022-04-01 13:44:52 에 등록된 네이버 페이 구매평)
[ODD STUDIO] 오댕 노즈워크 장난감,968,만족 ,네****,2022-03-23 05:41:49,잘 가지고 놀아요 !(2022-03-22 21:03:43 에 등록된 네이버 페이 구매평)
[베스트에버] 파 바스락삑삑 토이,967,일단 배송이 빨라서 좋구요예전에 이 장난감 사줬는데다 망가뜨려서 하나 더 사줬는데오늘도 하루만에 사... ,네****,2022-03-23 05:39:19,일단 배송이 빨라서 좋구요@>@예전에 이 장난감 사줬는데@>@다 망가뜨려서 하나 더 사줬는데@>@오늘도 하루만에 사망할꺼지만....  @>@다음에 또 구매하러 오께용(2022-03-22 20:48:39 에 등록된 네이버 페이 구매평)
[ODD STUDIO] 데이지 셔링 크롭 원피스 (그린),966,너무 마음에 들어요!! ,네****,2022-03-22 04:58:04,너무 마음에 들어요!!(2022-03-21 20:32:13 에 등록된 네이버 페이 구매평)
[ODD STUDIO]오로라 시스루 원피스-오로라퍼플,965,이뻐요가격도 저렴하고 완전 ?이득이네요 ㅋ ,네****,2022-03-22 04:21:17,이뻐요@>@가격도 저렴하고 완전 ?이득이네요 ㅋ(2022-03-21 17:15:17 에 등록된 네이버 페이 구매평)
[ODD STUDIO] 데이지 셔링 크롭 원피스 (그린),964,너무 예뻐요가격도 저렴하고 완전 득템이예요 ,네****,2022-03-21 05:10:34,너무 예뻐요@>@가격도 저렴하고 완전 득템이예요(2022-03-20 22:25:33 에 등록된 네이버 페이 구매평)
[ODD STUDIO]데이지 셔링 크롭 원피스 (핑크),963,만족 ,네****,2022-03-21 02:55:05,5.2키로 말티푸 엄청 귀여움(2022-03-20 09:00:11 에 등록된 네이버 페이 구매평)
[ODD STUDIO] 뉴데일리 버튼베베 당근토끼(2COLOR),962,만족 ,네****,2022-03-21 02:54:32,귀엽고 싸고 발송빠름(2022-03-20 08:59:49 에 등록된 네이버 페이 구매평)
[ODD STUDIO] 뉴데일리 버튼베베 당근토끼(2COLOR),961,만족 ,네****,2022-03-21 02:54:32,3.4키로 비숑@/@ 2.9키로비숑 엠 입으니 맞고요@>@5.2키로 말티푸는 엑스라지 입히니 좀 커요(2022-03-20 08:59:21 에 등록된 네이버 페이 구매평)
[ODD STUDIO] 데이지 셔링 크롭 원피스 (옐로우),960,만족 ,네****,2022-03-21 02:54:32,날 풀리면 입히려고용@>@귀여워용(2022-03-20 08:58:23 에 등록된 네이버 페이 구매평)
[ODD STUDIO]데이지 셔링 크롭 원피스 (핑크),953,귀여워요,,,퍼스널컬러 따위 없엉,, 스모크밴딩으로 편하게 입을수있어요! ,네****,2022-03-18 02:32:09,귀여워요@/@@/@@/@퍼스널컬러 따위 없엉@/@@/@ 스모크밴딩으로 편하게 입을수있어요!(2022-03-17 06:26:32 에 등록된 네이버 페이 구매평)
[ODD STUDIO] 신호등 양면패딩 베스트 (민트&라벤더),952,만족 ,네****,2022-03-17 04:08:58,이쁘고 좋아요. 사이즈는 정사이즈보다 약간 작았어요. 신기하게 빨았늠데도 솜이 뭉치거나 하지 않네요. 강추요(2022-03-16 14:09:43 에 등록된 네이버 페이 구매평)
[ODD STUDIO] 누또 크레용 크롭 맨투맨 티셔츠(핑크),951,파업으로 다른쪽으로 받았는데 아직 전달받진 못햇지만 품이 켜보인다고는하는데 그래도 만족합니다 ,네****,2022-03-16 05:57:38,파업으로 다른쪽으로 받았는데 아직 전달받진 못햇지만 품이 켜보인다고는하는데 그래도 만족합니다(2022-03-15 21:14:09 에 등록된 네이버 페이 구매평)
[ODD STUDIO]데이지 셔링 크롭 원피스 (핑크),950,만족 ,네****,2022-03-16 02:44:17,저렴하게 득템했어요(2022-03-15 06:51:31 에 등록된 네이버 페이 구매평)
[ODD STUDIO]또또또친구들 도트 UV썬캡 (4COLOR)(12월초 입고예정),949,일단 귀엽습니다 백내장 예방 용도로 샀는데...귀가 선 상태라 그런지 고개를 조금만 흔들어도 벗겨지네요... ,네****,2022-03-15 02:23:31,일단 귀엽습니다 백내장 예방 용도로 샀는데...@>@귀가 선 상태라 그런지 고개를 조금만 흔들어도 벗겨지네요ㅠㅠ(2022-03-14 02:28:25 에 등록된 네이버 페이 구매평)
[ODD STUDIO]또또또 친구들 도트 UV썬캡 오댕(S사이즈 12월초 입고예정),948,일단 귀엽습니다.. 다만, 백내장 예방 용도로 샀는데...귀가 선 상태라 그런지 고개를 조금만 흔들어도 벗... ,네****,2022-03-15 02:23:30,일단 귀엽습니다.. 다만@/@ 백내장 예방 용도로 샀는데...@>@귀가 선 상태라 그런지 고개를 조금만 흔들어도 벗겨지네요ㅠㅠ(2022-03-14 02:27:16 에 등록된 네이버 페이 구매평)
[ODD STUDIO] 데이지 셔링 크롭 원피스 (옐로우),947,너무 예뻐요 ,우****,2022-03-15 00:00:37,노랑색이 발랄해보이고 귀엽네요
[ODD STUDIO] 신호등 양면패딩 자켓  (민트&라벤더),946,좋아요 ,우****,2022-03-15 00:00:17,고양이를 위해 구매했어요. 겨울에 병원 갈 일 있을때 패딩이 있으니 든든하고 좋네요
[ODD STUDIO]데이지 셔링 크롭 원피스 (핑크),945,좋아요 ,우****,2022-03-14 23:59:29,핑크색상 파스텔톤이라 너무 귀엽네요
[ODD STUDIO] 뉴데일리 버튼베베 당근토끼(2COLOR),938,만족 ,네****,2022-03-11 04:38:07,아이보리@/@핑크 다 이뻐요 너무 맘에들어요(2022-03-10 17:52:36 에 등록된 네이버 페이 구매평)
[ODD STUDIO] 뉴데일리 버튼베베 당근토끼(2COLOR),937,만족 ,네****,2022-03-11 04:38:07,스판 너무 좋고 이뻐요 정말 맘에 들어요(2022-03-10 17:52:07 에 등록된 네이버 페이 구매평)
[ODD STUDIO]오로라 시스루원피스-오로라핑크,936,만족 ,네****,2022-03-11 03:35:46,너무너무 이뻐요 저렴하게 잘 샀네요(2022-03-10 12:32:02 에 등록된 네이버 페이 구매평)
[ODD STUDIO] 신호등 양면패딩 자켓 (더스티블루&베이지),935,만족 ,네****,2022-01-22 05:16:46,양면이라서 이쪽저쪽 새로운맛에 좋고@>@엄청가벼워서 강아지가 다른옷보다 불편해하지않아요(2022-01-21 17:52:11 에 등록된 네이버 페이 구매평)
[ODDPET TABLE]동결건조 식이섬유 풍부 변비탈출 단호박40g,934,너무 맛있게 잘먹어요 너무 좋아하네요 ,네****,2022-01-22 05:00:22,너무 맛있게 잘먹어요 너무 좋아하네요(2022-01-21 18:12:26 에 등록된 네이버 페이 구매평)
[ODDPET TABLE]동결건조 관절튼튼 그린홍합40g,933,너무 맛있게 잘먹어요 너무 좋아하네요 ,네****,2022-01-22 05:00:21,너무 맛있게 잘먹어요 너무 좋아하네요(2022-01-21 18:12:00 에 등록된 네이버 페이 구매평)
[ODDPET TABLE]동결건조 예뻐지면 오토카칩(오이+토마토) 15g,932,너무 맛있게 잘먹어요 너무 좋아하네요 ,네****,2022-01-22 05:00:20,너무 맛있게 잘먹어요 너무 좋아하네요(2022-01-21 18:11:41 에 등록된 네이버 페이 구매평)
[ODDPET TABLE]동결건조 열빙어40g,931,너무 맛있게 잘먹어요 너무 좋아하네요 ,네****,2022-01-22 05:00:19,너무 맛있게 잘먹어요 너무 좋아하네요(2022-01-21 18:11:21 에 등록된 네이버 페이 구매평)
[ODD STUDIO] 뉴데일리베베 버튼티셔츠-도토리,930,옷질도 좋고 귀여워요!! 단추가있어서 옷입히기도 편한것같아요 다음에 또 구매하겠습니다~ [1],네****,2022-01-18 02:34:51,옷질도 좋고 귀여워요!! 단추가있어서 옷입히기도 편한것같아요 다음에 또 구매하겠습니다~(2022-01-17 08:37:01 에 등록된 네이버 페이 구매평)
[ODD STUDIO] 신호등 양면패딩 자켓 (더스티블루&베이지),923,옷도 따뜻하고 패딩가방까지 구성도 좋아요! 같이 주신 옷도 이쁘네요:) ,네****,2021-12-30 05:09:01,옷도 따뜻하고 패딩가방까지 구성도 좋아요! 같이 주신 옷도 이쁘네요:)(2021-12-29 19:15:38 에 등록된 네이버 페이 구매평)
[ODD STUDIO] 신호등 양면패딩 베스트  (아이보리&핫핑크),922,작년에 백화점에서 패딩조끼 하나 사서 입혔는데 가볍고 옷입기 싫어하는 울 애도 잘 입더라구요 근데 밀 ... ,네****,2021-12-29 05:13:12,작년에 백화점에서 패딩조끼 하나 사서 입혔는데 가볍고 옷입기 싫어하는 울 애도 잘 입더라구요 @>@근데 밀 큰걸 샀는데도 애가 너무 커져서 많이 못입혀서 @>@둘째 물려주고 xl로 하나 더 샀어요 @>@잘 맞고 넘 이뻐요 @>@조끼하나 샀는데 사은품이 두개나 와서 더 감동이에요 티도 도톰하니 면도 좋고 장난감도 넘 감사해요 @>@품질이 좋아서 다시 찾게됬는데 @>@여기 제품 정말 좋네요(2021-12-28 20:04:36 에 등록된 네이버 페이 구매평)
[ODD STUDIO] 신호등 양면 패딩 베스트  (더스티블루&베이지),921,하네스 구멍있고 따뜻해보여서 가슴둘레 대략35 등길이 30인 아이 M사이즈 구매했어요. 패딩만 입히니 약간 ... ,네****,2021-12-23 02:22:16,하네스 구멍있고 따뜻해보여서 가슴둘레 대략35 등길이 30인 아이 M사이즈 구매했어요. 패딩만 입히니 약간 여유있긴한데 팔부분이 살짝 입힐 때 불편한 느낌이있고 아래지퍼인 점이 아쉽네요. 그리고 이너입히고 하네스하고 입히면 작을 것같아 불안해요..L사이즈 다른 아이입히려고 샀던거 입혀보니 그건 또 많이 큰 느낌이고 옷은 따뜻하고 좋을 것같은데 개인적으로는 조금 아쉬워요...@>@패딩은 있어야할 것같아서 저희 집 댕댕이들은 입히려면 이건 이것만 단독으로 입혀야할 것같아요(2021-12-22 01:22:21 에 등록된 네이버 페이 구매평)
[ODD STUDIO] 신호등 양면패딩 베스트 (민트&라벤더),920,만족 ,네****,2021-12-22 05:59:54,패딩 완전 톡톡하고 색도 너무 이쁘네요. 내복하고 공까지 보내주시다니 세일까지 해서 샀는데 이렇게 퍼주셔도 되는지 ㅜㅜ 잘 입힐께요.(2021-12-21 21:29:41 에 등록된 네이버 페이 구매평)
[ODD STUDIO] 신호등양면패딩 자켓 (옐로우&웜그레이),919,만족 ,네****,2021-12-20 04:38:10,완전 귀요워요  눈오는날 입으니 더예쁘네요(2021-12-19 17:34:00 에 등록된 네이버 페이 구매평)
[ODD STUDIO]또또또친구들 도트 UV썬캡 (4COLOR)(12월초 입고예정),918,만족 ,네****,2021-12-18 05:17:44,아주 좋은 상품 안전 하게 잘 받았습니다(2021-12-17 17:30:35 에 등록된 네이버 페이 구매평)
[ODD STUDIO]또또또친구들 도트 UV썬캡 (4COLOR)(12월초 입고예정),917,만족 ,네****,2021-12-18 05:17:44,아주 좋은 상품 안전 하게 잘 받았습니다(2021-12-17 17:30:28 에 등록된 네이버 페이 구매평)
[ODD STUDIO] 신호등 양면패딩 자켓 (더스티블루&베이지),916,컬러가 너무 이뿌네요~그리고 엄청 가벼워요~~따뜻할것같아요~사람들이 다들 어!! 강아지 패딩입었네!! 이... ,네****,2021-12-16 06:36:06,컬러가 너무 이뿌네요~그리고 엄청 가벼워요~~@>@따뜻할것같아요~사람들이 다들 어!! 강아지 패딩입었네!! 이래요~ㅋㅋㅋ(2021-12-15 23:25:20 에 등록된 네이버 페이 구매평)
[ODD STUDIO] 신호등 양면 패딩 베스트  (더스티블루&베이지),915,만족 ,네****,2021-12-16 03:30:29,목이 조금 길고 팔넣는 곳이 조금 더 넓었으면 하는 바람이 있지만 만족합니다~(2021-12-15 10:51:28 에 등록된 네이버 페이 구매평)
[ODD STUDIO]또또또친구들 하네스 껴또(그린),908,만족 ,네****,2021-12-09 06:37:58,옷입으면 잘 안움직이는데 이건 편한지 잘 걸어요~~(2021-12-08 23:52:29 에 등록된 네이버 페이 구매평)
[ODD STUDIO] 신호등 양면 패딩 베스트  (더스티블루&베이지),907,만족 ,네****,2021-12-08 06:19:29,정사이즈예요ㅎㅎ근데 앞자크라...입고벗기가 좀ㅠㅠㅠ불편해요(2021-12-07 22:12:27 에 등록된 네이버 페이 구매평)
[ODD STUDIO] 신호등 양면패딩 자켓  (피치코랄&딥그린),906,한사이즈 업 했더니 등길이 딱 맞고 좋아요 가볍고 따듯할것 같아용 ,네****,2021-12-08 06:15:37,한사이즈 업 했더니 등길이 딱 맞고 좋아요 가볍고 따듯할것 같아용(2021-12-07 22:16:12 에 등록된 네이버 페이 구매평)
[ODD STUDIO] 신호등 양면패딩 자켓  (피치코랄&딥그린),905,잘 어울리고 귀엽네요~ ,네****,2021-12-08 06:04:54,잘 어울리고 귀엽네요~(2021-12-07 21:45:37 에 등록된 네이버 페이 구매평)
[ODD STUDIO] 신호등 양면패딩 자켓  (민트&라벤더),904,만족 ,네****,2021-12-07 04:58:37,가볍고 부드러워 좋아요@>@색깔두 다 이뻐서 깔별로 사고싶네요(2021-12-06 16:09:08 에 등록된 네이버 페이 구매평)
[ODD STUDIO] 베이직 스트라이프 탱크탑 (옐로우),903,귀여워요 옷 편해하네요 ,네****,2021-12-06 02:44:28,귀여워요 옷 편해하네요(2021-12-05 09:51:04 에 등록된 네이버 페이 구매평)
[ODD STUDIO] 신호등양면패딩 자켓 (옐로우&웜그레이),902,만족 ,네****,2021-12-03 05:41:05,패딩이 너무 가볍고 따뜻해서 좋아요@>@뒤에 구멍두 있어서 하네스 줄까우기두 좋구 무엇조다 양면이라 패깅 두개을 산거같네요@>@가성비 최고^^(2021-12-02 20:16:29 에 등록된 네이버 페이 구매평)
,901,색상이 양면다이뻐요 ,네****,2021-12-03 02:18:35,색상이 양면다이뻐요(2021-12-02 00:41:36 에 등록된 네이버 페이 구매평)
[ODD STUDIO] 신호등양면패딩 자켓 (옐로우&웜그레이),900,만족 ,네****,2021-12-02 13:48:21,가볍고 따뜻하게 잘입겟어요(2021-12-01 23:09:55 에 등록된 네이버 페이 구매평)
[ODD STUDIO] 신호등 양면패딩 베스트 (민트&라벤더),893,이뻐요 [1],장****,2021-11-18 12:01:20,일단배송이 빠라서 좋아요옷받고놀랬어요.너무가볍고 이뻐서요.감사합니다 
[ODD STUDIO] 신호등 양면패딩 베스트 (민트&라벤더),892,만족 ,네****,2021-11-17 03:53:03,보들보들좋아요 색감도좋고(2021-11-16 12:45:05 에 등록된 네이버 페이 구매평)
,891,만족 ,네****,2021-11-10 04:21:45,선물용으로 블루&그린 2개 구매했는데@/@ 저렴하게 득템했어요(2021-11-09 15:00:33 에 등록된 네이버 페이 구매평)
,890,만족 ,네****,2021-11-10 04:21:45,선물용으로 여러개 구매했는데@/@ 저렴하게 득템했어요(2021-11-09 15:00:15 에 등록된 네이버 페이 구매평)
,889,선물용으로 블루&그린 2개 구매했는데, 저렴하게 득템했어요 ,네****,2021-11-10 03:47:37,선물용으로 블루&amp;그린 2개 구매했는데@/@ 저렴하게 득템했어요(2021-11-09 14:57:39 에 등록된 네이버 페이 구매평)
[ODD STUDIO] 신호등 양면패딩 베스트 (민트&라벤더),888,배송 빠르고 가볍고 좋네요 ,네****,2021-11-08 04:14:12,배송 빠르고 가볍고 좋네요(2021-11-07 18:34:36 에 등록된 네이버 페이 구매평)
[ODD STUDIO] 신호등 양면 패딩 베스트  (더스티블루&베이지),887,배송 빠르고 가볍고 좋네요 ,네****,2021-11-08 04:14:11,배송 빠르고 가볍고 좋네요(2021-11-07 18:34:17 에 등록된 네이버 페이 구매평)
,886,이너티가 필요해 구매했습니다애기애기한게 넘 귀여워요 ,네****,2021-11-06 02:26:39,이너티가 필요해 구매했습니다@>@애기애기한게 넘 귀여워요(2021-11-05 03:48:14 에 등록된 네이버 페이 구매평)
,885,이너티가 필요해 구매했습니다애기애기한게 넘 귀여워요 ,네****,2021-11-06 02:26:38,이너티가 필요해 구매했습니다@>@애기애기한게 넘 귀여워요(2021-11-05 03:47:48 에 등록된 네이버 페이 구매평)
,878,3.5키로 m사이즈 잘맞네요색도 너무 화사하니 이쁘고 가지고있던 목줄색이랑도  맞춘듯잘맞아요 ,네****,2021-10-30 02:35:44,3.5키로 m사이즈 잘맞네요@>@색도 너무 화사하니 이쁘고 가지고있던 목줄색이랑도  맞춘듯잘맞아요(2021-10-29 08:08:03 에 등록된 네이버 페이 구매평)
,877,최고예요! ,김****,2021-10-29 15:40:04,포근포근하고 가볍고 예뻐요! 
,876,너무 귀여워요! ,김****,2021-10-29 15:38:13,넘 귀여워요! 원단도 톡톡하고 예쁜 실내복이예요!
,875,딱 맞춤옷이예요가볍고 양면이라 넘 좋아요 ,네****,2021-10-28 05:53:48,딱 맞춤옷이예요@>@가볍고 양면이라 넘 좋아요(2021-10-27 21:45:20 에 등록된 네이버 페이 구매평)
,874,이뻐요~~얼릉 입히고 산채기 나가고 싶어요 ,네****,2021-10-28 05:53:47,이뻐요~~@>@얼릉 입히고 산채기 나가고 싶어요(2021-10-27 21:44:27 에 등록된 네이버 페이 구매평)
[ODD STUDIO] 뉴데일리베베 버튼티셔츠-도토리,873,우리 애기 첫 옷주문너무 귀엽고 이뻐요 ,네****,2021-10-21 05:28:37,우리 애기 첫 옷주문@>@너무 귀엽고 이뻐요(2021-10-20 19:47:20 에 등록된 네이버 페이 구매평)
,872,넘귀엽고 착한가격에 구매해서 넘좋아요^^ ,네****,2021-10-09 06:01:52,넘귀엽고 착한가격에 구매해서 넘좋아요^^(2021-10-08 21:41:02 에 등록된 네이버 페이 구매평)
,871,너무 귀여워요배송도 바로왔어요 ,네****,2021-10-08 03:08:15,너무 귀여워요@>@배송도 바로@>@왔어요(2021-10-07 10:36:57 에 등록된 네이버 페이 구매평)
,870,예쁘게 잘맞아요. 공주옷 ,네****,2021-10-08 03:08:14,예쁘게 잘맞아요. 공주옷(2021-10-07 10:35:35 에 등록된 네이버 페이 구매평)
,863,사이즈잘맞고 가벼워요~ 찍찍이는 조심해야되요 ㅎㅎ ,네****,2021-09-25 05:03:38,사이즈잘맞고 가벼워요~ 찍찍이는 조심해야되요 ㅎㅎ(2021-09-24 20:42:21 에 등록된 네이버 페이 구매평)
,862,깔아주자마자 강아지가 올라갔어용 크기도 적당하니 좋아요 ,네****,2021-09-25 04:32:45,깔아주자마자 강아지가 올라갔어용 @>@크기도 적당하니 좋아요(2021-09-24 18:51:46 에 등록된 네이버 페이 구매평)
[ODD STUDIO] 뉴 데일리 베베 티셔츠 - 젤리베어(아이보리)(S-XXL),861,만족 ,네****,2021-09-14 03:04:19,투엑스라지옷 많이만들어주세요ㅠㅠ(2021-09-13 08:55:27 에 등록된 네이버 페이 구매평)
[ODD STUDIO] 또또또 친구들 체크 UV썬캡 오댕(S사이즈 11월초 입고예정),860,보통 ,네****,2021-09-12 02:46:42,모자가 너무 커서 ㅠㅠ 사용하지 못해 아쉽지만 @>@소장가치로 이쁩니다(2021-09-11 05:43:48 에 등록된 네이버 페이 구매평)
,859,이번 여름 잘 입었네요 ,네****,2021-09-08 06:10:17,이번 여름 잘 입었네요(2021-09-07 21:55:11 에 등록된 네이버 페이 구매평)
[ODD STUDIO] 또또또 친구들 체크 UV썬캡 따또 (S사이즈 11월초 입고예정),858,일단 진짜  너어어어무 귀엽고요 지금껏 써봤던 모자중에는 그래도 안벗겨져요그래도 아직 싫어해서 ㅜㅜ... ,네****,2021-09-01 05:06:32,일단 진짜  너어어어무 귀엽고요 @>@지금껏 써봤던 모자중에는 그래도 안벗겨져요@>@그래도 아직 싫어해서 ㅜㅜ아쉽지만 @>@만족합니당 근데 딱맞게 착용하려면 끈을 꽉조여야하는데 불편할까봐 걱정되요ㅜㅜ(2021-08-31 18:56:57 에 등록된 네이버 페이 구매평)
[ODD STUDIO] 또또또 친구들 체크 UV썬캡 따또 (S사이즈 11월초 입고예정),857,원래 쓰던제품인데 너무 더러워져서 새로 하네스색이랑 맞춰서 두개 샀어요 ,네****,2021-09-01 04:30:48,원래 쓰던제품인데 너무 더러워져서 새로 하네스색이랑 맞춰서 두개 샀어요(2021-08-31 16:52:03 에 등록된 네이버 페이 구매평)
[ODD STUDIO] 또또또 친구들 체크 UV썬캡 누또(S사이즈 11월초 입고예정),856,원래 쓰던 제품인데 너무 더러워져서 하네스색이랑 맞춰서 두개 구매했습니당 ,네****,2021-09-01 04:30:47,원래 쓰던 제품인데 너무 더러워져서 하네스색이랑 맞춰서 두개 구매했습니당(2021-08-31 16:51:16 에 등록된 네이버 페이 구매평)
[ODD STUDIO] 또또또 친구들 체크 UV썬캡 따또 (S사이즈 11월초 입고예정),855,너무 귀여워요!!!누가 써도 다 귀여운꼭 사세요ㅋㅋㅋ진짜 완전 귀요미 모습 볼수 있슴돠~저는 M사이즈 ... ,네****,2021-08-30 04:38:12,너무 귀여워요!!!@>@누가 써도 다 귀여운@>@꼭 사세요ㅋㅋㅋ@>@진짜 완전 귀요미 모습 볼수 있슴돠~@>@저는 M사이즈 샀어요~@>@7kg@/@4kg@/@7kg 입니당!!(2021-08-29 19:35:25 에 등록된 네이버 페이 구매평)
[ODD STUDIO] 뉴 새콤달콤 민소매티-고래(블루),848,만족 ,네****,2021-08-18 03:07:09,이뻐요 대박나실거예요(2021-08-17 09:50:52 에 등록된 네이버 페이 구매평)
[ODD STUDIO] 뉴 새콤달콤 민소매티-다이노(옐로우),847,만족 ,네****,2021-08-18 03:07:09,이뻐요 대박나실거예요(2021-08-17 09:50:38 에 등록된 네이버 페이 구매평)
[ODD STUDIO] 뉴 새콤달콤 민소매티-미니토끼(옐로우),846,만족 ,네****,2021-08-18 03:07:09,이뻐요 대박나실거예요(2021-08-17 09:50:24 에 등록된 네이버 페이 구매평)
,845,귀엽네요^^^^^^^^^ ,네****,2021-08-18 02:51:36,귀엽네요^^^^^^^^^(2021-08-17 11:25:03 에 등록된 네이버 페이 구매평)
,844,귀여워요^^^^^^모자랑 세트로 입으니 더 이뻐요 ,네****,2021-08-18 02:51:34,귀여워요^^^^^^@>@모자랑 세트로 입으니 더 이뻐요(2021-08-17 11:24:06 에 등록된 네이버 페이 구매평)
,843,입었을 때 더 이뻐요재질도 시원하고 좋아요 ,네****,2021-08-18 02:51:33,입었을 때 더 이뻐요@>@재질도 시원하고 좋아요(2021-08-17 11:22:45 에 등록된 네이버 페이 구매평)
[ODD STUDIO] 또또또 친구들 체크 UV썬캡 오댕(S사이즈 11월초 입고예정),842,쏘큩……포메 3kg안되는데너무너무너무너무기야워용 ,네****,2021-08-15 02:30:11,쏘큩&hellip;&hellip;포메 3kg안되는데@>@너무너무너무너무기야워용(2021-08-14 04:14:39 에 등록된 네이버 페이 구매평)
[ODD STUDIO] 또또또 친구들 체크 UV썬캡 오댕(S사이즈 11월초 입고예정),841,만족 ,네****,2021-08-14 05:06:24,좋아요 귀엽고 괜찮아요(2021-08-13 16:29:49 에 등록된 네이버 페이 구매평)
[ODD STUDIO]시원쏘쿨 베스트_핑크,840,너무 이뻐요!! 입히니까 화사해졌어요카라 부분이 둥글어서 유치원복 같기도해요 ㅋㅋ ,네****,2021-08-14 02:47:18,너무 이뻐요!! 입히니까 화사해졌어요@>@카라 부분이 둥글어서 유치원복 같기도해요 ㅋㅋ(2021-08-13 09:36:06 에 등록된 네이버 페이 구매평)
,833,너무 이뻐요 색상도 이쁘고 시원하구 ,네****,2021-08-06 04:45:19,너무 이뻐요 색상도 이쁘고 시원하구(2021-08-05 16:45:44 에 등록된 네이버 페이 구매평)
,832,귀욤귀욤 100%만족해요^^ ,네****,2021-08-03 05:30:49,귀욤귀욤 @>@100%만족해요^^(2021-08-02 23:09:30 에 등록된 네이버 페이 구매평)
,831,만족 ,네****,2021-08-03 04:38:16,아이가 산책할 때 더워해서요. 구입했어요. 금방 마르고 좋아요(2021-08-02 14:29:06 에 등록된 네이버 페이 구매평)
,830,입히고 나가니 예쁘다는 반응도 많고심플하면서도 뽀인트까지 ,네****,2021-08-03 03:00:51,입히고 나가니 예쁘다는 반응도 많고@>@심플하면서도 뽀인트까지(2021-08-02 10:32:31 에 등록된 네이버 페이 구매평)
[ODD STUDIO] 또또또 친구들 체크 UV썬캡 오댕(S사이즈 11월초 입고예정),829,잘쓰고 있어요 너무 귀여워요!!! ,네****,2021-08-03 02:25:28,잘쓰고 있어요 너무 귀여워요!!!(2021-08-02 02:51:47 에 등록된 네이버 페이 구매평)
[ODD STUDIO]오댕 크롭 탱크탑,828,잘입고있어요 너무 귀여워요~~ ,네****,2021-08-03 02:25:26,잘입고있어요 너무 귀여워요~~(2021-08-02 02:50:05 에 등록된 네이버 페이 구매평)
[ODD STUDIO]시원쏘쿨 베스트_핑크,827,여름산책시 필수템이에요~! ,나****,2021-08-02 21:47:47,여름산책 필수템이에요❤️컬러도 디자인도 너무 깜찍해용><!잘입을께요! 오드펫 최고💕
,826,물에 적시고 꾹짜서 입히고 있어요~신축성이 좋네요~~ ,네****,2021-08-02 04:33:18,물에 적시고 꾹짜서 입히고 있어요~@>@신축성이 좋네요~~(2021-08-01 17:07:02 에 등록된 네이버 페이 구매평)
,825,기대만큼 시원하진않아요ㅠㅠ풍기인견이 아니라서 그런건지..시어서커? 느낌이에요ㅠㅠ..디자인이랑 사이즈... ,네****,2021-08-02 03:43:52,기대만큼 시원하진않아요ㅠㅠ풍기인견이 아니라서 그런건지..시어서커? 느낌이에요ㅠㅠ..디자인이랑 사이즈는 만족합니당 그래도 그냥 면매트보단 시원할거같아서 침대에 놓고 잘때 위에서 자게 하고있어용(2021-08-01 12:40:59 에 등록된 네이버 페이 구매평)
,818,8kg비숑 XL 딱 맞아요색깔 쨍하고 이뻐요마감도 깔끔 ,네****,2021-07-31 03:10:57,8kg비숑 XL 딱 맞아요@>@색깔 쨍하고 이뻐요@>@마감도 깔끔(2021-07-30 10:34:07 에 등록된 네이버 페이 구매평)
,817,아 진짜 너무 이쁜데.. 완전 이쁜데..사이즈가 너무 작아서 입혀볼수조차없어요..분명 사이즈표보고 주문... ,네****,2021-07-31 02:55:53,아 진짜 너무 이쁜데.. 완전 이쁜데..@>@사이즈가 너무 작아서 입혀볼수조차없어요..@>@분명 사이즈표보고 주문했는데.. 너무 서러워요@>@가둘이 고무줄넓이였나봐요.. 전 빵실한부분인줄알았는데..(2021-07-30 09:50:13 에 등록된 네이버 페이 구매평)
[ODD STUDIO] 또또또 친구들 체크 UV썬캡 누또(S사이즈 11월초 입고예정),816,보통 ,네****,2021-07-28 06:23:08,썬캡이 이뻐요.. 그런데 잘 벗겨져서 아쉽네요..^^(2021-07-27 20:44:37 에 등록된 네이버 페이 구매평)
[ODD STUDIO] 또또또 친구들 체크 UV썬캡 누또(S사이즈 11월초 입고예정),815,햇빛에  우선 눈을  보호해줘서  좋았어요...잘  멋겨지지도  않고 잘 쓰고  다닙니다! ,네****,2021-07-21 04:32:54,햇빛에  우선 눈을  보호해줘서  좋았어요...잘  멋겨지지도  않고 잘 쓰고  다닙니다!(2021-07-20 15:45:11 에 등록된 네이버 페이 구매평)
[ODD STUDIO] 시원쏘쿨 베스트_옐로우,814,너무 귀엽고 좋습니다 ,이****,2021-07-20 22:45:49,옷은 아이들한테 잘 맞고 이쁘거 무엇보다 덜 더워해요다만 H형 하네스를 쓰기 때문에 하네스구멍 에 맞지 않는데 덮개부분이 하네스에 끼이고 접히고 불편해서 그냥 잘라줬어요자르다가 구멍이 낫지만 ㅠㅠㅠ그래도 자르니 하네스에 걸리지 않을것 같아서 좋아요사이즈감 참고하시라고 저희 아이들 스펙도 적어드릴게요푸들아이가 몸무게 4.7 가슴둘레 42 등길이 30믹스아이가 몸무게 4.7 가슴둘레 42 등길이 26 입니다둘다 보통 의류사이즈는 L사이즈를 넉넉히 입는데 이거는 M사이즈가 잘 맞아요 가슴부분은 벨크로라 어느정도 조절이 되니 몸둘레랑 등길이를 보고 구매하시면 될것같아요
[ODD STUDIO] 또또또 친구들 체크 UV썬캡 껴또(S사이즈 11월초 입고예정),813,보통 ,네****,2021-07-19 04:32:41,귀엽긴 한데 애기 얼굴에 안 맞아서 사용을 못하고 있어요 ㅠㅠ(2021-07-18 14:54:35 에 등록된 네이버 페이 구매평)
[ODD STUDIO] 또또또 친구들 체크 UV썬캡 누또(S사이즈 11월초 입고예정),812,감자한테 너무 잘맞아서 이쁘게 쓰고 다니고 있어요!! 앞에 챙이 길어서 시력보호도 되는 느낌~~ 너무 이쁜 ... ,네****,2021-07-17 04:10:36,감자한테 너무 잘맞아서 이쁘게 쓰고 다니고 있어요!! 앞에 챙이 길어서 시력보호도 되는 느낌~~ 너무 이쁜 모자여서 쓰고 다니면 시선강탈!!(2021-07-16 14:20:37 에 등록된 네이버 페이 구매평)
[ODD STUDIO] 또또또 친구들 체크 UV썬캡 따또 (S사이즈 11월초 입고예정),811,긔엽구 이뻐욘 나들이갈때 딱이녜용 젤 큰 사이즈입니다 ,네****,2021-07-17 02:54:02,긔엽구 이뻐욘 나들이갈때 딱이녜용 젤 큰 사이즈입니다(2021-07-16 09:07:41 에 등록된 네이버 페이 구매평)
[ODD STUDIO] 또또또 친구들 체크 UV썬캡 오댕(S사이즈 11월초 입고예정),810,만족 ,네****,2021-07-15 07:07:45,너무 귀엽고 햇빛 잘 가려져요(2021-07-14 22:52:13 에 등록된 네이버 페이 구매평)
[ODD STUDIO] 또또또 친구들 체크 UV썬캡 따또 (S사이즈 11월초 입고예정),803,모자 쒸우이 졸귀 ㅎㅎㅎ 아지매된 우리 갱쥐 햇빛차단보단 비 피하기위해 산모자라 완전 맘에 들어요 비올... ,네****,2021-07-05 03:38:05,모자 쒸우이 졸귀 ㅎㅎㅎ 아지매된 우리 갱쥐 햇빛차단보단 비 피하기위해 산모자라 완전 맘에 들어요 비올때 항상 눈을 못떠 요거 쓰고 나감 눈 뜨고 산책 잘할듯해요(2021-07-04 13:04:15 에 등록된 네이버 페이 구매평)
[ODD STUDIO] 또또또 친구들 체크 UV썬캡 따또 (S사이즈 11월초 입고예정),802,일단...너무 기여워요...졸귀..대박 귀여워요 ,네****,2021-07-02 02:39:44,일단...너무 기여워요...졸귀..대박 귀여워요(2021-07-01 06:01:25 에 등록된 네이버 페이 구매평)
[ODD STUDIO] 또또또 친구들 체크 UV썬캡 따또 (S사이즈 11월초 입고예정),801,만족 ,네****,2021-06-29 02:35:23,번창사레셔타앙 화이팅입니다(2021-06-28 01:28:47 에 등록된 네이버 페이 구매평)
[ODD STUDIO] 또또또 친구들 체크 UV썬캡 오댕(S사이즈 11월초 입고예정),800,어색해서 아직 안 쓰려고 하지만 눈 건강을 위해서 억지로 씌워야겠어요. 그리고 넘 귀여워요 ㅜㅜ ,네****,2021-06-28 02:50:03,어색해서 아직 안 쓰려고 하지만 눈 건강을 위해서 억지로 씌워야겠어요. 그리고 넘 귀여워요 ㅜㅜ(2021-06-27 09:52:25 에 등록된 네이버 페이 구매평)
[ODD STUDIO] 또또또 친구들 체크 UV썬캡 오댕(S사이즈 11월초 입고예정),799,불량인거같아요 ,박****,2021-06-25 18:09:31,퍼플 받고 지금 첨 씌울려고 했는데 뒷부분 싸이즈가 안맞아요
[ODD STUDIO] 또또또 친구들 체크 UV썬캡 따또 (S사이즈 11월초 입고예정),798,만족 ,네****,2021-06-24 11:10:00,너무 귀여워요. 잘 벗겨지긴해서 클립으로 뒤에 잡아야겠어요~(2021-06-23 22:34:14 에 등록된 네이버 페이 구매평)
[ODD STUDIO] 또또또 친구들 체크 UV썬캡 따또 (S사이즈 11월초 입고예정),797,만족 ,네****,2021-06-24 09:48:41,품절로 배송느린것 빼곤 매우 귀엽고 만족(2021-06-23 17:17:26 에 등록된 네이버 페이 구매평)
[ODD STUDIO] 또또또 친구들 체크 UV썬캡 따또 (S사이즈 11월초 입고예정),796,넘넘 귀여워요 ㅎㅎㅎ ,네****,2021-06-24 03:10:16,넘넘 귀여워요 ㅎㅎㅎ(2021-06-23 10:20:33 에 등록된 네이버 페이 구매평)
[ODD STUDIO] 껴또 체크 벌룬 크롭탑,795,만족 ,네****,2021-06-23 04:23:26,너무 귀여워요. 개인적으로 크롭티 너무 좋아하는데 이거 입히니 정말 귀여워 죽어요. 저희 강아지는 보통 s사이즈도 큰데 이건 고무줄이 있어서 딱맞게 입을 수 있었어요. 몸집이 있는 아이들은 한사이즈 큰걸로 하셔도 될 것 같아요. 너무 만족합니다.(2021-06-22 13:19:30 에 등록된 네이버 페이 구매평)
[ODD STUDIO]오댕 크롭 탱크탑,788,만족 ,네****,2021-06-18 05:46:49,4.6kg푸들인데 xl 사이즈 넉넉하게 입혀요. 이 제품 색깔별로 다 가지고 있어요. 여름에 입히기에 편하고 시원해요(2021-06-17 18:08:46 에 등록된 네이버 페이 구매평)
[ODD STUDIO] 또또또 친구들 체크 UV썬캡 따또 (S사이즈 11월초 입고예정),787,너무 귀여워요ㅠㅠ 주말에 여름휴가 가려고 장만함건데 그 전에 와서 다행이예요!!오래 쓰고있을거같지는 않... ,네****,2021-06-17 06:12:05,너무 귀여워요ㅠㅠ 주말에 여름휴가 가려고 장만함건데 그 전에 와서 다행이예요!!오래 쓰고있을거같지는 않지만 너무귀여워서 오열 ㅠㅠ이런 귀염템이 잇다니ㅠㅠ(2021-06-16 21:23:33 에 등록된 네이버 페이 구매평)
[ODD STUDIO] 또또또 친구들 체크 UV썬캡 오댕(S사이즈 11월초 입고예정),786,예뻐요 보라색 영롱 우리 강쥐한테도 딱입니닷 ,네****,2021-06-17 02:30:53,예뻐요 보라색 영롱 우리 강쥐한테도 딱입니닷(2021-06-16 02:45:49 에 등록된 네이버 페이 구매평)
[ODD STUDIO] 또또또 친구들 체크 UV썬캡 오댕(S사이즈 11월초 입고예정),785,너무귀여워용 여름대비해서 선캡이랑 티사줬어용 ✌️ ,네****,2021-06-16 04:34:48,너무귀여워용 여름대비해서 선캡이랑 티사줬어용 ✌️(2021-06-15 16:54:32 에 등록된 네이버 페이 구매평)
[ODD STUDIO]오댕 크롭 탱크탑,784,너무귀여워용 여름대비해서 선캡 사줬어용!! ,네****,2021-06-16 04:34:46,너무귀여워용 여름대비해서 선캡 사줬어용!!(2021-06-15 16:53:43 에 등록된 네이버 페이 구매평)
[ODD STUDIO] 또또또 친구들 체크 UV썬캡 따또 (S사이즈 11월초 입고예정),783,너무너무 귀여워요 근데 산책중에 계속 털어내내유 ㅠㅠ ,네****,2021-06-16 03:55:40,너무너무 귀여워요 근데 산책중에 계속 털어내내유 ㅠㅠ(2021-06-15 14:21:58 에 등록된 네이버 페이 구매평)
[ODD STUDIO] 또또또 친구들 체크 UV썬캡 따또 (S사이즈 11월초 입고예정),782,만족 ,네****,2021-06-16 02:27:27,4키로 말티즈 아가 m사이즈 많이 크네요ㅠㅠ s사이즈 없어서 m으로 샀는데 한번 털면 휙 돌아가서 턱받이 되네용 그래도 귀여워요^^ 자외선 차단도 잘 되는 것 같아 눈 보호에 좋아요~(2021-06-15 00:36:27 에 등록된 네이버 페이 구매평)
[ODD STUDIO]오댕 크롭 탱크탑,781,귀여워요! ,가****,2021-06-15 18:10:15,페키니즈 6키로 입니당 ! 너무너무 귀여워요 여름대비해서 선캡하나 샀어용 !! 티랑 세트로 ㅎㅎ 택배 파업때문에 늦게올까 걱정했는데 빨리왔오용 ! 모자사이즈는 m이고 티셔츠는 L 이에용 
[ODD STUDIO] 또또또 친구들 체크 UV썬캡 오댕(S사이즈 11월초 입고예정),780,귀여워용 ! ,가****,2021-06-15 18:07:30,너무너무 귀여워요 여름대비해서 산캡하나 샀어용 !! 티랑 세트로 ㅎㅎ 택배 파업때문에 늦게올까 걱정했는데 빨리왔오용 ! 
[ODD STUDIO]  누또 크롭 탱크탑,773,만족 ,네****,2021-06-09 12:34:37,선물해준 친구두 항상(2021-06-08 22:55:46 에 등록된 네이버 페이 구매평)
[ODD STUDIO] 따또 크롭 탱크탑,772,만족 ,네****,2021-06-09 12:34:36,넘 깜찍 귀요버용(2021-06-08 22:55:24 에 등록된 네이버 페이 구매평)
[ODD STUDIO] 따또 인형 방수헤어밴드 (스누드),771,귀가 예민하고 물 살짝만 들어가도 바로 귓병나는 예민보스 퍼그입니다~목욕할때 샤워기 틀어주면 앉아서 ... ,네****,2021-06-08 05:27:13,귀가 예민하고 물 살짝만 들어가도 바로 귓병나는 예민보스 퍼그입니다~@>@목욕할때 샤워기 틀어주면 앉아서 물맞는걸 좋아해서 항상 이 코스를 생략할수가 없는데요 @>@하필 이놈이 목이버섯 귀에다가 목욕하면 귀를 뒤로 재끼는버릇이 있어서 물이 안들어 갈수가 없더라구요 ㅠㅠ 닦아준다고 닦아줘도.. 이미 안으로 흘러들어간 물은 귓병을 또 유발하고..@>@주사맞고 약먹고 귀청소 맨날하고 주인한테 삐지고.. 그래서 우리사이의 발전을 위해 검색하던 중요런 아이템이 있네요?! 당장 샀습니다 ㅎㅎㅎ 어제 첫 개시 했어요 진짜 위에 똥달린거 리뷰보면 호불호가 좀 있던데 ㅋㅋ 저는 똥 캐릭터 좋아해요ㅋㅋㅋ풉백도 똥모양입니다 @>@일단 동영상 보시면 알겠지만 요물입니당.. @>@세수시킬때 벗겨봤는데 완벽 방수입니다 너무 좋아요 ㅠ 쿵이가 좋아하는 샤워기도 오래 틀어줄수 있을꺼 같고 귓병 언능 나아서 싫어하는 주사랑 약 안먹이면 저한테 삐질 일도 없을꺼고 무튼 효자 템 입니당 !! 비올때도 우비랑 같이 잘 사용할게요 ❤️(2021-06-07 20:58:37 에 등록된 네이버 페이 구매평)
[ODD STUDIO] 또또또 친구들 체크 UV썬캡 따또 (S사이즈 11월초 입고예정),770,보통 ,네****,2021-06-06 04:21:31,물건  ㅏㄹ받았어요~~^^(2021-06-05 13:10:01 에 등록된 네이버 페이 구매평)
[ODD STUDIO] 껴또 크롭 탱크탑,769,만족 ,네****,2021-06-03 08:41:43,아주 이뽀용ㅎㅎ 놀러갈때 입히려고 샀어용ㅎㅎ배송도 빠르고 좋아용ㅎㅎ(2021-06-02 10:00:11 에 등록된 네이버 페이 구매평)
[ODD STUDIO] 또또또 친구들 체크 UV썬캡 따또 (S사이즈 11월초 입고예정),768,만족 ,네****,2021-06-03 08:41:33,아주 이뽀용ㅎㅎ 놀러갈때 입히려고 샀어용ㅎㅎ배송도 빠르고 좋아용ㅎㅎ(2021-06-02 09:59:58 에 등록된 네이버 페이 구매평)
[ODD STUDIO] 따또 크롭 탱크탑,767,만족 ,네****,2021-06-03 08:41:33,아주 이뽀용ㅎㅎ 놀러갈때 입히려고 샀어용ㅎㅎ배송도 빠르고 좋아용ㅎㅎ(2021-06-02 09:59:46 에 등록된 네이버 페이 구매평)
[ODD STUDIO] 또또또 친구들 체크 UV썬캡 껴또(S사이즈 11월초 입고예정),766,만족 ,네****,2021-06-03 08:41:33,아주 이뽀용ㅎㅎ 놀러갈때 입히려고 샀어용ㅎㅎ배송도 빠르고 좋아용ㅎㅎ(2021-06-02 09:59:33 에 등록된 네이버 페이 구매평)
[ODD STUDIO] 또또또 친구들 체크 UV썬캡 따또 (S사이즈 11월초 입고예정),765,만족 ,네****,2021-06-02 07:06:03,사이즈가 생각보다 커서 @>@교환했어요 너무 귀여워요(2021-06-01 22:08:02 에 등록된 네이버 페이 구매평)
[ODD STUDIO] 또또또 친구들 체크 UV썬캡 따또 (S사이즈 11월초 입고예정),758,우리 짱가에겐 조금 크지만 너무 귀여워요. 좀 잘 안휘어서 꽉묶어줘야 둥글게 휩니다. ㅎㅎㅎ ,네****,2021-05-29 02:54:35,우리 짱가에겐 조금 크지만 너무 귀여워요. 좀 잘 안휘어서 꽉묶어줘야 둥글게 휩니다. ㅎㅎㅎ(2021-05-28 09:48:00 에 등록된 네이버 페이 구매평)
[ODD STUDIO] 또또또 친구들 체크 UV썬캡 오댕(S사이즈 11월초 입고예정),757,너무 귀여워요! 다만 아직은 싫어해서 잘 적응시켜 볼게요!! ,네****,2021-05-28 10:20:07,너무 귀여워요! 다만 아직은 싫어해서 잘 적응시켜 볼게요!!(2021-05-27 20:38:05 에 등록된 네이버 페이 구매평)
[ODD STUDIO] 또또또 친구들 체크 UV썬캡 누또(S사이즈 11월초 입고예정),756,만족 ,네****,2021-05-25 06:25:31,사이즈잘 맞아요 말티즈5키로. 노랑이 품절되서 레드로 시켰는데 이뻐요(2021-05-24 20:06:04 에 등록된 네이버 페이 구매평)
[ODD STUDIO] 또또또 친구들 체크 UV썬캡 따또 (S사이즈 11월초 입고예정),755,만족 ,네****,2021-05-25 06:25:31,사이즈가 좀크네요 그래도 이쁘네요(2021-05-24 20:04:57 에 등록된 네이버 페이 구매평)
[ODD STUDIO] 해또 인형 방수헤어밴드 (스누드),754,만족 ,네****,2021-05-22 02:39:57,방수도 잘 되고 좋아요(2021-05-21 02:09:42 에 등록된 네이버 페이 구매평)
[ODD STUDIO] 따또 인형 방수헤어밴드 (스누드),753,만족 ,네****,2021-05-22 02:39:57,방수도 잘 되고 좋아요(2021-05-21 02:09:35 에 등록된 네이버 페이 구매평)
[ODD STUDIO] 또또또 친구들 체크 UV썬캡 따또 (S사이즈 11월초 입고예정),752,너무 귀여워요 !!!!!!!!!잘 쓰고 다녀보겠습니다 ,네****,2021-05-16 06:32:48,너무 귀여워요 !!!!!!!!!@>@잘 쓰고 다녀보겠습니다(2021-05-15 22:50:50 에 등록된 네이버 페이 구매평)
[ODD STUDIO] 데이지 셔링 크롭 원피스 (그린),751,오프에는 품절이라 여기서사요 ,네****,2021-05-16 03:57:03,오프에는 품절이라 여기서사요(2021-05-15 12:44:11 에 등록된 네이버 페이 구매평)
[ODD STUDIO] 또또또 친구들 체크 UV썬캡 누또(S사이즈 11월초 입고예정),750,잘받았습니다.... ,네****,2021-05-15 05:30:29,잘받았습니다....(2021-05-14 18:53:39 에 등록된 네이버 페이 구매평)
[ODD STUDIO] 또또또 친구들 체크 UV썬캡 따또 (S사이즈 11월초 입고예정),743,보통 ,네****,2021-05-12 06:41:18,모자는 이쁜데 너무 잘빠지고 약해요 ㅠㅠ(2021-05-11 20:42:07 에 등록된 네이버 페이 구매평)
,742,그냥 재미삼아 구매했어요~ 한참 웃음 ㅋ ,네****,2021-05-12 05:28:40,그냥 재미삼아 구매했어요~ 한참 웃음 ㅋ(2021-05-11 19:05:01 에 등록된 네이버 페이 구매평)
[ODD STUDIO] 또또또 친구들 체크 UV썬캡 누또(S사이즈 11월초 입고예정),741,너무너무 귀여워여! 여름에 잘 하고 다닐것 같아요! ,네****,2021-05-11 04:54:19,너무너무 귀여워여! 여름에 잘 하고 다닐것 같아요!(2021-05-10 17:18:27 에 등록된 네이버 페이 구매평)
[ODD STUDIO] 또또또 친구들 체크 UV썬캡 누또(S사이즈 11월초 입고예정),740,너무 이뻐요. 썬캡 처음 사용해보는데 적응도 잘하네요. 풀컬러 사고 싶어요ㅎㅎ ,네****,2021-05-09 11:28:27,너무 이뻐요. 썬캡 처음 사용해보는데 적응도 잘하네요. 풀컬러 사고 싶어요ㅎㅎ(2021-05-07 16:58:46 에 등록된 네이버 페이 구매평)
[ODD STUDIO]  누또 크롭 탱크탑,739,만족 ,네****,2021-05-09 04:46:11,친구에게 선물했어요. 너무 이뻐요(2021-05-08 15:39:10 에 등록된 네이버 페이 구매평)
[ODD STUDIO] 따또 크롭 탱크탑,738,너무 귀엽고 이뻐요. 썬캡 처음 사용하는데 잘 적응해서 좋아요 ,네****,2021-05-09 04:34:47,너무 귀엽고 이뻐요. 썬캡 처음 사용하는데 잘 적응해서 좋아요(2021-05-08 15:38:37 에 등록된 네이버 페이 구매평)
[ODD STUDIO] 뉴 데일리 베베 티셔츠 - 몽호두(블루)(S-XL),737,만족 ,네****,2021-05-07 06:19:15,색깔도 이쁘고 사진 그대로 너무 귀여워요@>@배송도 빠르고 가격도 좋아요(2021-05-06 21:34:37 에 등록된 네이버 페이 구매평)
[ODD STUDIO] 뉴 데일리 베베 티셔츠 - 당근토끼(아이보리)(S-XXL),736,강아지 입혔는데 너무 귀여워요근데 제가 저희 강아지를 너무 작게 봣나봐여 ㅋㅋㅋ조금 타이트합니다 3키... ,네****,2021-05-07 05:51:45,강아지 입혔는데 너무 귀여워요@>@근데 제가 저희 강아지를 너무 작게 봣나봐여 ㅋㅋㅋ조금 타이트합니다 3키로 조금 안됩니다(2021-05-06 21:34:08 에 등록된 네이버 페이 구매평)
[ODD STUDIO] 또또또 친구들 체크 UV썬캡 따또 (S사이즈 11월초 입고예정),735,컬러감도 디자인도 너무 예쁩니다!!아이들이 착용할때 단순하게 묶는 것보다 튼튼하도록 만들어져 있어요. ... ,네****,2021-05-05 02:24:34,컬러감도 디자인도 너무 예쁩니다!!@>@아이들이 착용할때 단순하게 묶는 것보다 튼튼하도록 만들어져 있어요. 그런데 끈고정하는쪽이 불편한지 (제가 3시간 착용해보니 썬캡부분이 일자모양으러 펴지려는 것 때문에 턱부분이 좀쨍기다라구요) 계속 벗으려해서 조금씩 착용시간을 늘려볼까합니다(2021-05-04 02:51:50 에 등록된 네이버 페이 구매평)
[ODD STUDIO] 또또또 친구들 체크 UV썬캡 따또 (S사이즈 11월초 입고예정),728,넘 귀여워요. 여름에 잘쓸거 같아요 ,네****,2021-04-21 02:35:18,넘 귀여워요. 여름에 잘쓸거 같아요(2021-04-20 08:33:57 에 등록된 네이버 페이 구매평)
,727,강아지 태우고 자전거 자주 타는 편인데 요즘 햇빛이 너무 따갑다보니 강아지가 눈을 찌뿌리거나 눈물 자주 ... ,네****,2021-04-20 03:30:11,강아지 태우고 자전거 자주 타는 편인데 요즘 햇빛이 너무 따갑다보니 강아지가 눈을 찌뿌리거나 눈물 자주 흘리더라구요. 그래서 썬캡하나 사줘야겠다 생각하고 찾아 보다가 구매하게  제품입니다! ㅎㅎ @>@구매전 눈을 다 커버하지 못하면 어쩌지라는 걱정을 하면서 구매했는데 웬걸 챙 길이도 적당하고 딱 좋네요 ~무엇보다 가벼워서 강아지가 엄청 불편해 하지 않은 거 같아요 ㅎㅎ 다만 모자 부분 좀 큰거 같긴 한데 그래서 햇빛 커버가 더 잘되는가 같아서 만족이예요~(2021-04-19 10:58:09 에 등록된 네이버 페이 구매평)
,726,색 고민하다가 노랑이로 했는데 너무 귀여워요 ㅠㅠ 저희애가  보통 산책 할때 귀가 옆쪽으로 쫑긋해서 자... ,네****,2021-04-18 05:09:35,색 고민하다가 노랑이로 했는데 너무 귀여워요 ㅠㅠ @>@저희애가  보통 산책 할때 귀가 옆쪽으로 쫑긋해서 자꾸 모자가 밀려서 공간을 어떻게 만들어줘야 하나 고민중이에요  우선 모자 너무 귀여워요!!!(2021-04-17 17:05:09 에 등록된 네이버 페이 구매평)
[ODD STUDIO] 데이지 셔링 크롭 원피스 (옐로우),725,너무예뽀소 기절 사랑스럽습니다1.8키로 비숑이구 가슴둘레는 28정도에요 가슴쪽 여유있게 잘맞아요 신축성... ,네****,2021-04-16 05:49:44,너무예뽀소 기절 사랑스럽습니다@>@1.8키로 비숑이구 가슴둘레는 28정도에요 가슴쪽 여유있게 잘맞아요 신축성좋구 아이가 편해해요 다만 소재감촉이  생각보다 부드럽진 않아요(2021-04-15 20:20:57 에 등록된 네이버 페이 구매평)
[ODD STUDIO] 또또또 친구들 체크 UV썬캡 해또,724,너무기욥네여 턱조이는건 좀 힘이없는거같아연 꽉묶어서 쪼매야 안빠져여 ,네****,2021-04-10 05:29:18,너무기욥네여 턱조이는건 좀 힘이없는거같아연 꽉묶어서 쪼매야 안빠져여(2021-04-09 19:00:11 에 등록된 네이버 페이 구매평)
[ODD STUDIO] 데일리 베베 티셔츠 - 베어(아이보리)❤사업자회원전용 아이템❤,723,넘넘 깜찍해용 질도 탄탄합니다 ,네****,2021-04-10 03:12:21,넘넘 깜찍해용 질도 탄탄합니다(2021-04-09 10:28:17 에 등록된 네이버 페이 구매평)
[ODD STUDIO] 데일리 베베 티셔츠 - 사자 (그린)❤사업자회원전용 아이템❤,722,짱귀여워요 잘 입히고 있습니다! ,네****,2021-04-10 03:12:19,짱귀여워요 잘 입히고 있습니다!(2021-04-09 10:27:09 에 등록된 네이버 페이 구매평)
[ODD STUDIO] 또또또 친구들 체크 UV썬캡 해또,721,귀여워요ㅎㅎㅎ고정이 잘 돼서 좋네요~ ,네****,2021-04-09 06:33:44,귀여워요ㅎㅎㅎ@>@고정이 잘 돼서 좋네요~(2021-04-08 22:35:31 에 등록된 네이버 페이 구매평)
[ODD STUDIO] 또또또 친구들 체크 UV썬캡 따또 (S사이즈 11월초 입고예정),720,모자창이 커서 햇빛도 잘 가려지고 좋아요!가만히 쉴때는 괜찮지만 나무가까이가서 냄새맡을때는 모자창이 ... ,네****,2021-04-01 10:50:35,모자창이 커서 햇빛도 잘 가려지고 좋아요!@>@가만히 쉴때는 괜찮지만 나무가까이가서 냄새맡을때는 모자창이 벗겨져요@>@얌전히 산책하는 아이라면 좋겠네요(2021-03-31 16:00:46 에 등록된 네이버 페이 구매평)
[ODD STUDIO] 또또또 친구들 체크 UV썬캡 따또 (S사이즈 11월초 입고예정),713,보통 ,네****,2021-03-10 05:43:42,만족하네요 아롱이가(2021-03-09 18:38:41 에 등록된 네이버 페이 구매평)
[ODD STUDIO] 뉴 데일리 베베 티셔츠 - 테디베어(핑크)(S-XL),712,봄이라 핑크로 주문했어요~~~너무 이뻐요!!! ,네****,2021-03-10 04:28:46,봄이라 핑크로 주문했어요~~~@>@너무 이뻐요!!!(2021-03-09 16:17:41 에 등록된 네이버 페이 구매평)
,711,너무 예뻐요! ,j****,2021-03-09 16:23:04,봄이라 핑크로 구매했어요!꺅!!! 너무 이쁩니다~~~입혀 산책하는데 이쁘다고 난리네요~~ ㅎㅎ
[ODD STUDIO] 뉴 데일리 베베 티셔츠 - 테디베어(블루)(S-XL),710,만족 ,네****,2021-03-09 05:49:24,너무 귀여워서 샀는데 입혀보니 더더 이뻐요ㅎㅎ 봄에 입기에도 딱일꺼같아요(2021-03-08 18:07:13 에 등록된 네이버 페이 구매평)
[ODD STUDIO] 뉴 데일리 베베 티셔츠 - 몽호두(아이보리)(S-XL),709,만족 ,네****,2021-03-09 02:50:50,얼마나 귀여운지ㅠㅠ 너무 이쁘네요(2021-03-08 06:58:49 에 등록된 네이버 페이 구매평)
[ODD STUDIO] 뉴 데일리 베베 티셔츠 - 몽호두(블루)(S-XL),708,만족 ,네****,2021-03-08 05:39:18,색상도 예쁘고 질이 좋아요.(2021-03-07 19:21:20 에 등록된 네이버 페이 구매평)
[ODD STUDIO] 껴또 인형 방수헤어밴드 (스누드),707,만족 ,네****,2021-03-08 04:52:13,배송빠르고 좋아요..(2021-03-07 15:56:24 에 등록된 네이버 페이 구매평)
[ODD STUDIO] 뉴 데일리 베베 티셔츠 - 테디베어(아이보리)(S-XL),706,만족 ,네****,2021-03-08 04:52:13,귀여운 나시 스타일 스판끼가 있어  편하네요.  소재동 부드러워 좋아요.(2021-03-07 15:42:28 에 등록된 네이버 페이 구매평)
[ODD STUDIO] 뉴 데일리 베베 티셔츠 - 초코베어(블루)(S-XL),705,만족 ,네****,2021-03-08 04:52:13,너무 너무 이쁘네요. 봄에 미용하고 입으면 좋을꺼 같아요.(2021-03-07 15:41:49 에 등록된 네이버 페이 구매평)
[ODD STUDIO] 뉴 데일리 베베 티셔츠 - 초코베어(블루)(S-XL),698,만족 ,네****,2021-02-24 09:22:16,애기가 너무 편해하고 너무귀여워요 ㅋㅋㅋ 또 사고 싶어요(2021-02-23 11:43:17 에 등록된 네이버 페이 구매평)
[ODD STUDIO] 또또또 친구들 체크 UV썬캡 누또(S사이즈 11월초 입고예정),697,후기 [1],골****,2021-02-23 17:14:21,추천받아서 구매했어요근데 캡이 찍힌것처럼 왔더라구요다음부터 잘 확인하고 보내주세요
[ODD STUDIO] 뉴 데일리 베베 티셔츠 - 몽호두(핑크)(S-XL),696,만족 ,네****,2021-02-20 07:15:38,귀여워요 막입히기좋을듯(2021-02-19 23:07:56 에 등록된 네이버 페이 구매평)
[ODD STUDIO] 뉴 데일리 베베 티셔츠 - 당근토끼(핑크)(S-XXL),695,만족 ,네****,2021-02-20 07:15:38,예쁘고 편할거같네요 막입히기좋아용(2021-02-19 23:07:28 에 등록된 네이버 페이 구매평)
,694,차에서 햇빛가려줄라고 구매했는데 너무 귀여워서 꺅～～ ,네****,2021-02-17 02:34:18,차에서 햇빛가려줄라고 구매했는데 너무 귀여워서 꺅～～(2021-02-16 08:56:06 에 등록된 네이버 페이 구매평)
,693,만족 ,네****,2021-02-13 07:40:14,자외선차단으로 좋아요(2021-02-12 13:48:58 에 등록된 네이버 페이 구매평)
[ODD STUDIO] 껴또 인형 방수헤어밴드 (스누드),692,만족 ,네****,2021-02-13 07:40:14,너무좋아요만족해요!!(2021-02-12 13:03:13 에 등록된 네이버 페이 구매평)
,691,적은 나이가 아니라 눈 걱정에 구매했어요 애기가 아직 어색해하지만 적응해서 쓰고 다녀야겠어요 칼배송 감... ,네****,2021-02-13 02:13:34,적은 나이가 아니라 눈 걱정에 구매했어요 애기가 아직 어색해하지만 적응해서 쓰고 다녀야겠어요 칼배송 감사합니당ㅎ(2021-02-12 00:36:45 에 등록된 네이버 페이 구매평)
,690,저렴하고 넉넉해서 편하게 입혀요 ,네****,2021-02-12 09:57:20,저렴하고 넉넉해서 편하게 입혀요(2021-02-11 23:13:23 에 등록된 네이버 페이 구매평)
,683,옷 진짜 너어무 이뻐요 패딩은 선물줬는데 저희애 사이즈가 없어서 못산게 너무 아깝네요ㅠㅠ상품너무만족합... ,네****,2021-02-05 08:53:08,옷 진짜 너어무 이뻐요 패딩은 선물줬는데 저희애 사이즈가 없어서 못산게 너무 아깝네요ㅠㅠ상품너무만족합니다(2021-02-04 10:55:21 에 등록된 네이버 페이 구매평)
,682,옷 진짜 너어무 이뻐요 패딩은 선물줬는데 저희애 사이즈가 없어서 못산게 너무 아깝네요ㅠㅠ상품너무만족합... ,네****,2021-02-05 08:53:07,옷 진짜 너어무 이뻐요 패딩은 선물줬는데 저희애 사이즈가 없어서 못산게 너무 아깝네요ㅠㅠ상품너무만족합니다(2021-02-04 10:51:52 에 등록된 네이버 페이 구매평)
[ODD STUDIO] 껴또 인형 방수헤어밴드 (스누드),681,입 아래 털이 많이 자라 물 마실때 묻어서 사줬어요근데 너무 싫어하네요ㅜ 자꾸빼요ㅜ ,네****,2021-02-01 05:31:49,입 아래 털이 많이 자라 물 마실때 묻어서 사줬어요@>@근데 너무 싫어하네요ㅜ 자꾸빼요ㅜ(2021-01-31 22:49:49 에 등록된 네이버 페이 구매평)
,680,만족 ,네****,2021-02-01 04:09:46,포메@>@입혀보니@>@잘 맞아요 귀엽습니다^^(2021-01-31 14:03:11 에 등록된 네이버 페이 구매평)
,679,만족 ,네****,2021-02-01 02:22:49,새로운거라좋아하네요 귀여워요(2021-01-31 00:07:19 에 등록된 네이버 페이 구매평)
[ODD STUDIO] 해또 인형 방수헤어밴드 (스누드),678,완전 긔여워요 ㅎㅎㅎ ,네****,2021-01-31 23:30:14,완전 긔여워요 ㅎㅎㅎ(2021-01-29 14:02:36 에 등록된 네이버 페이 구매평)
[ODD STUDIO] 데일리 베베 티셔츠 - 베어(옐로우)❤사업자회원전용 아이템❤,677,긔여워요.. 한번 세탁햇는데 보풀이... 심하진 않구여.. 이뻐요 ,네****,2021-01-30 02:33:48,긔여워요.. 한번 세탁햇는데 보풀이... 심하진 않구여.. 이뻐요(2021-01-29 06:37:18 에 등록된 네이버 페이 구매평)
[ODD STUDIO]울트라 초경량 양면 패딩자켓&베스트(아이보리&라벤더)❤사업자회원전용 아이템❤,676,만족 ,네****,2021-01-29 02:22:59,너무 귀여워용 재질도 패딩인데 뭔가 신축성이 잇네요 지퍼는 목부터 잠그믄거라 신기햇어요(2021-01-28 00:07:20 에 등록된 네이버 페이 구매평)
,675,인스타 광고보고 세일가로 저렴하게 구매했는데 디자인도 예쁘고 기모도 빵빵한데 옷 질도 좋아요!!저희집 ... ,네****,2021-01-28 06:47:04,인스타 광고보고 세일가로 저렴하게 구매했는데 디자인도 예쁘고 기모도 빵빵한데 옷 질도 좋아요!!@>@저희집 방구쟁이랑 쉬야쟁이한테 완전 딱이예요ㅋㅋ@>@3.4kg@/@ 3kg 단모치와와인데 M사이즈 딱 좋게 잘맞아요!(2021-01-27 23:21:52 에 등록된 네이버 페이 구매평)
[ODD STUDIO]울트라 초경량 양면 패딩 자켓& 베스트(웜그레이&피치코랄)❤사업자회원전용 아이템❤,668,이쁘네요  가볍고  편해서 자주입혀요 ,네****,2021-01-20 05:23:40,이쁘네요  가볍고  편해서 자주입혀요(2021-01-19 18:39:22 에 등록된 네이버 페이 구매평)
,667,친구네 강아지 선물해줬는데 너무 좋아했어요ㅎㅎ 하루종일 제가 준 장난감만 갖고 노니까 너무 뿌듯,,❤️ ... ,네****,2021-01-18 04:58:54,친구네 강아지 선물해줬는데 너무 좋아했어요ㅎㅎ 하루종일 제가 준 장난감만 갖고 노니까 너무 뿌듯@/@@/@❤️ 새해선물로 사준건데 다음에 장난감 또 사줘야겠어요 ✨(2021-01-17 18:00:59 에 등록된 네이버 페이 구매평)
[ODD STUDIO]울트라 초경량 양면 패딩 자켓& 베스트(웜그레이&피치코랄)❤사업자회원전용 아이템❤,666,포기할 수 없는 색상들 ,네****,2021-01-17 05:54:38,포기할 수 없는 색상들(2021-01-16 18:25:21 에 등록된 네이버 페이 구매평)
[ODD STUDIO]울트라 초경량 양면 패딩자켓&베스트(아이보리&라벤더)❤사업자회원전용 아이템❤,665,어느 하나 포기할 수 없는 색이에요 ,네****,2021-01-17 05:54:36,어느 하나 포기할 수 없는 색이에요(2021-01-16 18:24:18 에 등록된 네이버 페이 구매평)
,664,만족 ,네****,2021-01-16 06:07:46,이뻐요..사이즈가 진짜 딱맞아서 조금아쉽네요(2021-01-15 18:03:08 에 등록된 네이버 페이 구매평)
,663,이쁘네요^^ ,이****,2021-01-13 15:37:02,안샀으면 후회할뻔  귀욤.깜찍 소재도 편하고 사이즈도 잘맞아요
[ODD STUDIO] 껴또 인형 방수헤어밴드 (스누드),662,ㅠㅠ귀여워요 ,4****,2021-01-11 10:47:01,목욕초보라 안정감있게 씻기려구 구매했는데너무 귀여운거 아닌가요 ㅋㅋ
,661,야구르탱 졸귀탱 ,4****,2021-01-11 10:44:34,아직은 탱구가 머리가 작아서흔들어재끼면 목걸이가 되고있지만좀더 머리가크면 안정감있게 쓰지않을까 싶네요
[ODD STUDIO] 데일리 베베 티셔츠 - 베어(옐로우)❤사업자회원전용 아이템❤,660,귀여운 곰돌이 옷이에요ㅠㅠ 신축성 좋고 디자인 좋고 무엇보다 뽀리가 너무 편해합니다~~ 많이 파세요&rsqu... ,네****,2021-01-09 03:43:35,귀여운 곰돌이 옷이에요ㅠㅠ 신축성 좋고 디자인 좋고 무엇보다 뽀리가 너무 편해합니다~~ 많이 파세요&rsquo;!(2021-01-08 12:44:35 에 등록된 네이버 페이 구매평)
,653,만족 ,네****,2021-01-06 03:58:56,너무귀여워요 만족해요(2021-01-05 12:27:04 에 등록된 네이버 페이 구매평)
[ODD STUDIO]울트라 초경량 양면 패딩자켓&베스트(아이보리&라벤더)❤사업자회원전용 아이템❤,652,만족 ,네****,2021-01-06 02:43:44,사이즈 정사이쥬고 색감너무 예뻐요 !! 양면이라 더더욱 좋아요(2021-01-05 03:49:19 에 등록된 네이버 페이 구매평)
[ODD STUDIO]울트라 초경량 양면 패딩 자켓&베스트(파스텔민트&오렌지)❤사업자회원전용 아이템❤,651,만족 ,네****,2021-01-06 02:43:43,사이즈 정사이쥬고 색감너무 예뻐요 !! 양면이라 더더욱 좋아요(2021-01-05 03:49:02 에 등록된 네이버 페이 구매평)
[ODD STUDIO] 데일리 베베 티셔츠 - 사자 (그린)❤사업자회원전용 아이템❤,650,예쁘게 아주 잘 입고 산책했어요 ,네****,2021-01-04 02:46:56,예쁘게 아주 잘 입고 산책했어요(2021-01-03 10:04:48 에 등록된 네이버 페이 구매평)
[ODD STUDIO]울트라 초경량 양면 패딩 자켓& 베스트(웜그레이&피치코랄)❤사업자회원전용 아이템❤,649,따뜻하게 잘입을거 같아요 근데 지퍼에 털이 자꾸껴서 아이가 아파하네요 옷입고 입혀야겠어요. 이단점빼고... ,네****,2021-01-03 04:59:53,따뜻하게 잘입을거 같아요 근데 지퍼에 털이 자꾸껴서 아이가 아파하네요 옷입고 입혀야겠어요. 이단점빼고는 다맘에듭니다.털 뺐어간 옷에 응징하는중입니다ㅋㅋㅋ(2021-01-02 16:56:40 에 등록된 네이버 페이 구매평)
[ODD STUDIO]울트라 초경량 양면 패딩 자켓& 베스트(웜그레이&피치코랄)❤사업자회원전용 아이템❤,648,맘에들어요 ,코****,2021-01-02 16:59:09,따뜻할거같아요. 색감도 넘이쁘구요. 근데 지퍼에 털이 껴서 입거나 벗길때 진짜 조심해야할거같아요. 이단점빼고는 진짜 맘에들어요.
[ODD STUDIO] 울트라 초경량 양면 패딩 자켓&베스트(레몬옐로우&바이올렛)❤사업자회원전용 아이템❤,647,정말 가볍고 따뜻한 패딩 ,임****,2021-01-02 16:59:09,따뜻할거같아요. 색감도 넘이쁘구요. 근데 지퍼에 털이 껴서 입거나 벗길때 진짜 조심해야할거같아요. 이단점빼고는 진짜 맘에들어요.
,646,만족 ,네****,2021-01-02 06:48:13,우선 디자인이 넘 이뻐요@/@@/@@/@@/@(2021-01-01 23:13:48 에 등록된 네이버 페이 구매평)
[ODD STUDIO] 누또 크레용 크롭 맨투맨 티셔츠(핑크),645,만족 ,네****,2021-01-02 03:02:42,재질도 좋고 이쁘게 잘 맞아요(2021-01-01 07:40:45 에 등록된 네이버 페이 구매평)
,638,사이즈도 딱 맞고 따뜻하고 예쁘게 입힐 수 있어요 ,네****,2020-12-27 05:56:32,사이즈도 딱 맞고 따뜻하고 예쁘게 입힐 수 있어요(2020-12-26 19:47:43 에 등록된 네이버 페이 구매평)
,637,7.10kg/XL뚱뚱ㅇㅣ 푸들 입니당 미듐사이즈로 구매했는데 사이즈 딱 좋아용 ㅎㅎ귀 끼우는 부분도 넓어서 ... ,네****,2020-12-25 06:45:43,7.10kg/XL뚱뚱ㅇㅣ 푸들 입니당 미듐사이즈로 구매했는데 사이즈 딱 좋아용 ㅎㅎ귀 끼우는 부분도 넓어서 귀넓은 댕댕이들한테도 딱이네용~~ 시골할머니느낌이 납니다...ㅋㅋㅋ(2020-12-24 23:16:00 에 등록된 네이버 페이 구매평)
,636,귀여워요. 저렴하게 잘 샀어요. ,네****,2020-12-25 04:39:44,귀여워요. 저렴하게 잘 샀어요.(2020-12-24 15:44:22 에 등록된 네이버 페이 구매평)
,635,귀여워요 진짜 ㅜㅜ ㅋ ,네****,2020-12-24 15:25:19,귀여워요 진짜 ㅜㅜ ㅋ(2020-12-23 02:29:44 에 등록된 네이버 페이 구매평)
,634,너무 귀여워요 ㅠㅠ ,네****,2020-12-24 15:25:19,너무 귀여워요 ㅠㅠ(2020-12-23 02:29:07 에 등록된 네이버 페이 구매평)
,633,아이 3kg인데 m도 낙낙히 큰 느낌이네요~~ 이뻐요^^ ,네****,2020-12-24 15:01:10,아이 3kg인데 m도 낙낙히 큰 느낌이네요~~ 이뻐요^^(2020-12-23 15:25:50 에 등록된 네이버 페이 구매평)
,632,완전 예뻐요~! M사이즈 없어서 L사이즈 샀는데 역시나 컸어요ㅠㅜ 그래서 지인분께 넘기고 m사이즈 라이트블... ,네****,2020-12-24 12:01:50,완전 예뻐요~! M사이즈 없어서 L사이즈 샀는데 역시나 컸어요ㅠㅜ 그래서 지인분께 넘기고 m사이즈 라이트블루 다시 주문했는데@/@ 넘 기대돼용♡  실물보니 다른 컬러라도 사야하는 디쟌♡(2020-12-23 21:56:29 에 등록된 네이버 페이 구매평)
,631,완전 대만족♡ 이런 알찬 구성 종종 부탁드립니닷♡ ,네****,2020-12-24 12:01:49,완전 대만족♡ 이런 알찬 구성 종종 부탁드립니닷♡(2020-12-23 21:53:54 에 등록된 네이버 페이 구매평)
,630,만족 ,네****,2020-12-24 06:13:51,3.4말티 강아지 딱 맞네용 흔들어도 모자가 그대로 있어요(2020-12-23 17:23:05 에 등록된 네이버 페이 구매평)
,623,이쁘게 잘 입힐게요~~ ,네****,2020-12-12 04:41:51,이쁘게 잘 입힐게요~~(2020-12-11 15:54:22 에 등록된 네이버 페이 구매평)
[ODD STUDIO] 데일리 베베 티셔츠 - 베어(옐로우)❤사업자회원전용 아이템❤,622,사이즈 좀여유있게 나왓어요귀여워요 ,네****,2020-12-11 06:17:55,사이즈 좀여유있게 나왓어요@>@귀여워요(2020-12-10 21:16:09 에 등록된 네이버 페이 구매평)
[ODD STUDIO] 데일리 베베 티셔츠 - 베어(아이보리)❤사업자회원전용 아이템❤,621,사이즈가 좀 크게나왔어요!!귀여워요 ,네****,2020-12-11 06:17:54,사이즈가 좀 크게나왔어요!!@>@귀여워요(2020-12-10 21:15:14 에 등록된 네이버 페이 구매평)
,620,아주 귀엽고 알찹니다. ,네****,2020-12-10 05:34:39,아주 귀엽고 알찹니다.(2020-12-09 19:20:59 에 등록된 네이버 페이 구매평)
,619,사이즈도 딱 맞고  만족 ,네****,2020-12-10 02:56:56,사이즈도 딱 맞고  만족(2020-12-09 09:50:29 에 등록된 네이버 페이 구매평)
[ODD STUDIO] 데일리 베베 티셔츠 - 베어(아이보리)❤사업자회원전용 아이템❤,618,사이즈가 좀 애매해서 큰거로 시켰는데 크네요 ,네****,2020-12-09 05:59:47,사이즈가 좀 애매해서 큰거로 시켰는데 크네요(2020-12-08 21:09:50 에 등록된 네이버 페이 구매평)
,617,옷은 아직 입혀보진 않았는데같은 소재 다른 디자인 옷이 있어서이쁠거라 생각해요 :) 같이 넣어주신 장난... ,네****,2020-12-09 05:21:30,옷은 아직 입혀보진 않았는데@>@같은 소재 다른 디자인 옷이 있어서@>@이쁠거라 생각해요 :) 같이 넣어주신 장난감@>@너무 잘 가지고놀아요 넘넘 감사합니다@>@그리구 커피쿠폰도 잘쓸게요 감사합니다 사댱님(2020-12-08 19:31:29 에 등록된 네이버 페이 구매평)
,616,진짜 귀여워요 탈탈털면 바로 벗겨지긴하는데 다시 쒸우기도 편해요 귀가 알아서 구멍으로 뿅 나오네요 ... ,네****,2020-12-09 04:05:58,진짜 귀여워요 @>@탈탈털면 바로 벗겨지긴하는데 @>@다시 쒸우기도 편해요 @>@귀가 알아서 구멍으로 뿅 나오네요 @>@낮산책땐 꼭 모자쓰고 나갈려구요(2020-12-08 15:20:50 에 등록된 네이버 페이 구매평)
[ODD STUDIO] 누또 인형 방수헤어밴드 (스누드),615,처음 받았을 때 인형이 한쪽떨어져서 달랑거리는게 금방 떨어질 것 같이 왔었어요~원래 그런건가싶어 다시 ... ,네****,2020-12-08 03:08:43,처음 받았을 때 인형이 한쪽떨어져서 달랑거리는게 금방 떨어질 것 같이 왔었어요~@>@원래 그런건가싶어 다시 상세내용 보니까 안그런 상품이더라구요@>@그래서교환요청했고 깔끔하게 된 것으로 왔네요~@>@근데 8키로 코카가 하기엔조금 목이 졸리는 것 같아요@>@생각보다 얼굴쪽은 헐렁하고 목쪽은 많이 조이네요~@>@사이즈 참고하셔요(2020-12-07 10:57:50 에 등록된 네이버 페이 구매평)
,608,만족 ,네****,2020-12-02 05:26:04,도톰하고 이쁩니다 잘입힐께용♡(2020-12-01 18:36:49 에 등록된 네이버 페이 구매평)
,607,말티 3.9키로 통통이체형 안에 옷입고 걸치면 단추2개 안잠기고 안에 아무거도 없이 패딩만입으면 잘맞아요!... ,네****,2020-12-02 03:35:42,말티 3.9키로 통통이체형 안에 옷입고 걸치면 단추2개 안잠기고 안에 아무거도 없이 패딩만입으면 잘맞아요! @>@패딩모자 네이비색깔이 있어서 세트느낌으로 모자와 같은재질의 패딩 하나 구입해야겟다 싶어 찾다 세일까지 하고있는 비슷한 패딩 발견! 바로구입했습니다ㅎㅎ@>@받자마자 열었는데 패딩보다 큰 오리장난감이 두둥ㅋㅋ 완전 좋아하네요 사진찍는다고 들고 있으니 달라고 왈왈 ㅎㅎ 장난감 감사합니다~~(2020-12-01 13:45:33 에 등록된 네이버 페이 구매평)
[ODD STUDIO] 또또또 친구들 체크 UV썬캡 따또 (S사이즈 11월초 입고예정),606,너무 귀여워요><아가한테 살짝 큰데 그래도 넘나 귀엽네여 ,네****,2020-12-02 03:35:41,너무 귀여워요&gt;&lt;아가한테 살짝 큰데 그래도 넘나 귀엽네여(2020-12-01 13:22:55 에 등록된 네이버 페이 구매평)
,605,귀여워요><옷도 쫀쫀하고 좋네요 ,네****,2020-12-02 03:35:40,귀여워요&gt;&lt;옷도 쫀쫀하고 좋네요(2020-12-01 13:22:19 에 등록된 네이버 페이 구매평)
[ODD STUDIO] 데일리 베베 티셔츠 - 코알라(퍼플)❤사업자회원전용 아이템❤,604,만족 ,네****,2020-12-01 06:25:59,귀여워요! 재질도 괜찮네요!^^(2020-11-30 23:27:27 에 등록된 네이버 페이 구매평)
[ODD STUDIO] 데일리 베베 티셔츠 - 코알라(아이보리)❤사업자회원전용 아이템❤,603,만족 ,네****,2020-11-29 04:42:56,입으면 자동 아가아가해지는 옷이에요ㅎㅎ@>@가격대비 질도 좋고 가볍게 입히기 좋을거같아요:) 사은품으로 장난감도 주셨는데 계속 가지고노느라 정신없네요....ㅎ(2020-11-28 15:33:42 에 등록된 네이버 페이 구매평)
,602,보통 ,네****,2020-11-29 03:59:02,조금 짝은데 예뻐서 만족이요~@>@같디 보내주신 장난감도 너무 감사해요.@>@강아지가 넘 좋아해요(2020-11-28 13:00:38 에 등록된 네이버 페이 구매평)
,601,음 ........ ,박****,2020-11-28 14:26:01,50%할인해서 구매했는데어제 품절연락와서 노란색으로 변경했어요근데 방금와서 확인해보니 옷비닐봉투 조금 뜯어져있었고 입히려고 보니까 개털 한가닥이 옷에 끼어있더라구요?찜찜하긴한데 그냥 환불도 귀찮고 해서 당근마켓에 팔려고요사이즈도 어차피 미스네요 너무커요할인하는 이유가 반품된거나 교환와서 한번 입혀진 옷 그냥 싸게 파는건가 싶네요같이 주문한 모자? 는 괜찮아요사은품도 어째꺼나 잘 쓸게요
,600,여름에 입힐려고 쎄일할때 미리 주문했어요. ,네****,2020-11-28 04:19:16,여름에 입힐려고 쎄일할때 미리 주문했어요.(2020-11-27 15:53:03 에 등록된 네이버 페이 구매평)
[ODD STUDIO] 따또 크레용 크롭 맨투맨 티셔츠(옐로우),593,만족 ,네****,2020-11-25 05:45:55,모자랑 같이사서 입혔는데... 깜찍하네요(2020-11-24 18:17:12 에 등록된 네이버 페이 구매평)
,592,만족 ,네****,2020-11-25 05:45:55,너무이뻐요~~~@>@근데.@/@입혀놓음 저만 좋아해요(2020-11-24 18:16:39 에 등록된 네이버 페이 구매평)
[ODD STUDIO] 껴또 크레용 크롭 맨투맨 티셔츠(그린),591,6.5키로 정도인데사이즈도 딱이고 너무 귀여워요❤️ ,네****,2020-11-20 03:44:06,6.5키로 정도인데@>@사이즈도 딱이고 너무 귀여워요❤️(2020-11-19 13:19:42 에 등록된 네이버 페이 구매평)
,590,만족 ,네****,2020-11-18 07:31:09,도톰하고 너무 이뻐요(2020-11-17 23:30:24 에 등록된 네이버 페이 구매평)
,589,만족 ,네****,2020-11-18 03:29:59,목욕한 것처럼 털이 부드러워지네요.@>@향도 샴푸향처럼 은은하게 남아서 좋아요(2020-11-17 10:51:20 에 등록된 네이버 페이 구매평)
,588,만족 ,네****,2020-11-18 03:29:59,일반 물티슈로 열심히 닦아줘도 @>@별차이가 없어서 허무했는데@>@확실히 다르네요.@>@향도 좋지만 목욕한 거랑 비슷하게 뽀송뽀송 부들부들해져서 씻겼다는 느낌이 들어요.(2020-11-17 10:49:46 에 등록된 네이버 페이 구매평)
,587,보통 ,네****,2020-11-16 04:32:10,향이 엄청 강하네요. 처음엔 머리가 아플 정도였는데 대신 그만큼 잔향이 오래 갑니다. 잔향은 좋아요. 다만 두 팩을 주문했는데 비닐봉투에 와서 꺼내보니 봉투 안과 티슈 겉면이 다 젖어있었어요. 사용할 때 보니 티슈 끝은 물기가 있고 가운데 부분은 좀 물기가 적어 사용감이 불편했어요. @>@배송에 신경써주시면 좋을 것 같습니다.(2020-11-15 14:16:33 에 등록된 네이버 페이 구매평)
[ODD STUDIO] 데일리 베베 티셔츠 - 베어(아이보리)❤사업자회원전용 아이템❤,586,사이즈도 잘 맞고 디자인도 너무 이쁘네요 ,네****,2020-11-15 04:37:29,사이즈도 잘 맞고 디자인도 너무 이쁘네요(2020-11-14 15:25:46 에 등록된 네이버 페이 구매평)
,585,만족 ,네****,2020-11-13 06:45:52,잘닦여요....완전ㅋㅋ닦았더니 까만색티슈가 됐어여ㅋㅋ꼭 추가구매할게요!ㅋㅋㅋ(2020-11-12 20:50:10 에 등록된 네이버 페이 구매평)
,578,너무 귀여운 티셔츠에용!!  놀러갈때 꼭 입혀야겠또욤ㅎㅎ ,네****,2020-11-06 06:13:13,너무 귀여운 티셔츠에용!!  놀러갈때 꼭 입혀야겠또욤ㅎㅎ(2020-11-05 22:26:41 에 등록된 네이버 페이 구매평)
[ODD STUDIO] 데일리 베베 티셔츠 - 코알라(아이보리)❤사업자회원전용 아이템❤,577,보통 ,네****,2020-11-03 06:00:34,내복으르 구입했는데 색상 촉감 다 좋아요 가성비 짱 입니다(2020-11-02 17:57:11 에 등록된 네이버 페이 구매평)
,576,가볍고 저렴해요 ,김****,2020-11-01 16:53:21,4.5키로 L사이즈 구매햇어요!@>@가볍고 넉넉해서 겨울옷 위에 자주 걸쳐입고 나갈거 같아요@>@가격도 저렴하고 색상도 마음에 들어요!@>@추천해요!!
,575,저렴하게 잘 구매했습니다 ,네****,2020-10-31 04:23:24,저렴하게 잘 구매했습니다(2020-10-30 15:51:58 에 등록된 네이버 페이 구매평)
,574,저렴하게 잘 구매했습니다 ,네****,2020-10-31 04:23:24,저렴하게 잘 구매했습니다(2020-10-30 15:51:21 에 등록된 네이버 페이 구매평)
[ODD STUDIO] 껴또 크레용 크롭 맨투맨 티셔츠(그린),573,탄탄하고 귀여워요! ,김****,2020-10-29 22:31:34,쌀쌀한 날씨에 도톰한 옷이 필요했는데@>@소재도 만족스럽고 컬러도 마음에 쏙 들어요!@>@항상 실물이 더 만족스러워서 고민햇던 시간이 아까울 정도에요@>@편해보여서 실내에서도 실외에서도 한동안 자주 입을거 같아요 ◡̈
,572,보통 ,네****,2020-10-24 02:40:03,귀옴 뽀짝이에욯ㅎㅎㅎ(2020-10-23 02:13:22 에 등록된 네이버 페이 구매평)
[ODD STUDIO] 데일리 베베 티셔츠 - 코알라(퍼플)❤사업자회원전용 아이템❤,571,불만족 ,네****,2020-10-20 04:04:34,퍼플시켰는데 흰색이왔어요....  기다리기도 오래기다려서받았는데 색상이 잘못와서 좀 짜증나네요@>@교환하기 번거로와서 그냥 입히는데 확인잘하고 보내주심좋겠네요(2020-10-19 11:20:57 에 등록된 네이버 페이 구매평)
,570,너무너무 귀여워요~ ㅎㅎㅎ 세일하면 다른옷도 더 구매하고 싶어요~ ,네****,2020-10-19 04:59:22,너무너무 귀여워요~ ㅎㅎㅎ 세일하면 다른옷도 더 구매하고 싶어요~(2020-10-18 19:31:35 에 등록된 네이버 페이 구매평)
[ODD STUDIO] 또또또 친구들 체크 UV썬캡 누또(S사이즈 11월초 입고예정),563,핵귀여워요ㅠㅠ원래 모자싫어하는데 이 썬캡은 가만히 앉아서 묶어줄때까지 기다려요ㅋㅋㅋ ,네****,2020-10-09 03:38:27,핵귀여워요ㅠㅠ원래 모자싫어하는데 이 썬캡은 가만히 앉아서 묶어줄때까지 기다려요ㅋㅋㅋ(2020-10-08 12:12:13 에 등록된 네이버 페이 구매평)
[ODD STUDIO] 누또 양면 스카프,562,만족 ,네****,2020-10-08 04:28:19,조아요 배송 빠르고 좋아요(2020-10-07 13:49:59 에 등록된 네이버 페이 구매평)
,561,만족 ,네****,2020-10-08 04:28:19,조아요 배송 빠르고 좋아요(2020-10-07 13:49:51 에 등록된 네이버 페이 구매평)
,560,만족 ,네****,2020-10-08 04:28:19,조아요 배송 빠르고 좋아요(2020-10-07 13:49:42 에 등록된 네이버 페이 구매평)
,559,만족 ,네****,2020-10-08 04:28:19,조아요 배송 빠르고 좋아요(2020-10-07 13:49:34 에 등록된 네이버 페이 구매평)
,558,만족 ,네****,2020-10-08 04:28:18,조아요 배송 빠르고 좋아요(2020-10-07 13:48:45 에 등록된 네이버 페이 구매평)
,557,만족 ,네****,2020-10-08 04:28:18,조아요 배송 빠르고 좋아요(2020-10-07 13:48:32 에 등록된 네이버 페이 구매평)
,556,만족 ,네****,2020-10-08 04:28:17,조아요 배송 빠르고 좋아요(2020-10-07 13:47:43 에 등록된 네이버 페이 구매평)
,555,만족 ,네****,2020-10-08 04:28:17,조아요 배송 빠르고 좋아요(2020-10-07 13:47:31 에 등록된 네이버 페이 구매평)
,548,소재 좋고 찍찍이도 튼튼하고요. 예뻐요. ,네****,2020-10-01 03:25:34,소재 좋고 찍찍이도 튼튼하고요. 예뻐요.(2020-09-30 17:27:21 에 등록된 네이버 페이 구매평)
,547,보통 ,네****,2020-09-29 04:46:31,색깔이 너무 예뻐요.(2020-09-28 13:39:14 에 등록된 네이버 페이 구매평)
,546,보통 ,네****,2020-09-29 04:46:31,선물해줬는데 너무 좋아하더라구요ㅎㅎ(2020-09-28 13:38:56 에 등록된 네이버 페이 구매평)
,545,이쁘고 저렴한옷 감사합니다 ,네****,2020-09-29 04:23:28,이쁘고 저렴한옷 감사합니다(2020-09-28 16:29:04 에 등록된 네이버 페이 구매평)
,544,저렴하고 이쁜옷 감사합니다 ,네****,2020-09-29 04:23:27,저렴하고 이쁜옷 감사합니다(2020-09-28 16:28:11 에 등록된 네이버 페이 구매평)
,543,만족 ,네****,2020-09-29 03:13:42,너무 귀엽네요ㅎㅎㅎ(2020-09-28 09:25:05 에 등록된 네이버 페이 구매평)
,542,보통 ,네****,2020-09-29 03:13:42,사진과 똑같아요ㅎㅎ(2020-09-28 09:24:43 에 등록된 네이버 페이 구매평)
,541,보통 ,네****,2020-09-29 03:13:42,키티팬으로써 너무좋아요 근데 좀 무겁네요 그거말고는 너무이뻐요@>@강아지가방인데 제가쓰고싶어요(2020-09-28 09:17:24 에 등록된 네이버 페이 구매평)
,540,애카필수품 될거같아요 ,임****,2020-09-28 21:40:54,대왕말티에게는 조금 작은 느낌이지만.. 방석으로 쓰기엔 충분합니다.
[ODD STUDIO] 껴또 인형 방수헤어밴드 (스누드),533,귀에 염증이 잘나서 샤워할때 물안들어가게 하려구요ㅠㅠ 너무 귀엽네용 씌워줘도 가만히 잘있어요 ㅎ7키로... [1],네****,2020-09-26 05:19:03,귀에 염증이 잘나서 샤워할때 물안들어가게 하려구요ㅠㅠ 너무 귀엽네용 씌워줘도 가만히 잘있어요 ㅎ@>@7키로 비숑 잘맞아요!(2020-09-25 19:35:25 에 등록된 네이버 페이 구매평)
,532,모자가 귀엽네용!! 자꾸 벗으려고해서 문제지만 ㅠ옷도 깜딱해서 외출할때만 입고 나가는데 이건 실내에서 ... ,네****,2020-09-26 04:45:29,모자가 귀엽네용!! 자꾸 벗으려고해서 문제지만 ㅠ@>@옷도 깜딱해서 외출할때만 입고 나가는데 이건 실내에서 계속 입히려구요. 장난감은 이미 촉촉하게 젓었어요 ..( 물어뜯...)(2020-09-25 17:06:05 에 등록된 네이버 페이 구매평)
,531,넘 좋아서 오빠네 강아지도 주려고 주문했어요! ,네****,2020-09-26 04:39:57,넘 좋아서 오빠네 강아지도 주려고 주문했어요!(2020-09-25 16:45:50 에 등록된 네이버 페이 구매평)
,530,저렴하게 잘 샀어요. 마음에 들어서 오빠네 강아지 주려고 다른 색으로 또 주문했어요. ,네****,2020-09-25 05:13:03,저렴하게 잘 샀어요. 마음에 들어서 오빠네 강아지 주려고 다른 색으로 또 주문했어요.(2020-09-24 19:17:17 에 등록된 네이버 페이 구매평)
[ODD STUDIO] 또또또 친구들 체크 UV썬캡 해또,529,만족 ,네****,2020-09-19 03:34:39,볕이 강할때 씌워서 나가기 좋아요.(2020-09-18 10:07:42 에 등록된 네이버 페이 구매평)
,528,보통 ,네****,2020-09-17 07:00:33,색깔은 이쁜데 사이즈가 디자인이 달라서인지 약간 큰것같아요 원단은좋아요(2020-09-16 22:08:17 에 등록된 네이버 페이 구매평)
,527,보통 ,네****,2020-09-17 07:00:33,색감도 예쁘고 이너로 입히기 좋아요(2020-09-16 22:07:14 에 등록된 네이버 페이 구매평)
[ODD STUDIO] 또또또 친구들 체크 UV썬캡 따또 (S사이즈 11월초 입고예정),526,귀도 잘 들어가고 챙도 넓어서 자외선 차단이 잘 될 것 같아요 :) 빗질도 안 하고 일단 대충 씌워봤는데 좋... ,네****,2020-09-17 02:23:33,귀도 잘 들어가고 챙도 넓어서 자외선 차단이 잘 될 것 같아요 :) 빗질도 안 하고 일단 대충 씌워봤는데 좋습니다!(2020-09-16 01:31:25 에 등록된 네이버 페이 구매평)
,525,마음에 들어요 ,김****,2020-09-15 14:47:34,여기서 제품 처음 구입 해봤어요 색깔 고민 했었는데 너무 맘에 들구 애기한테도 잘 어울리구요 넘 예쁘네용 겨울에 자주 입겠네요 8.8kg이여서 XL로 구입 했는데 딱 맞아요 다른 비숑에 비해서 허리가 긴편이여서 옷살때 난감 했는데 허리길이가 길게 나와서 좋네요ㅎㅎ
[ODD STUDIO]테슬 스카프_레드,518,만족 ,네****,2020-09-04 06:22:52,넘 귀여워요 사계절 잘 쓸거같아요(2020-09-03 19:30:59 에 등록된 네이버 페이 구매평)
[ODD STUDIO] 새콤달콤 민소매 티_아이스크림,517,몸통이 쬐꼼 크긴하지만 너무 상콤하니 귀여워용 ,네****,2020-09-03 06:55:46,몸통이 쬐꼼 크긴하지만 너무 상콤하니 귀여워용(2020-09-02 23:17:14 에 등록된 네이버 페이 구매평)
[ODD STUDIO] 또또또 친구들 체크 UV썬캡 따또 (S사이즈 11월초 입고예정),516,디자인이 귀여워요.자외선 차단도 잘되는거 같은데아쉬운점은 줄 쪼임이 약해서 잘 풀리네요 ,네****,2020-09-03 04:20:02,디자인이 귀여워요.@>@자외선 차단도 잘되는거 같은데@>@아쉬운점은 줄 쪼임이 약해서 잘 풀리네요(2020-09-02 15:33:57 에 등록된 네이버 페이 구매평)
,515,너무귀여워요,, 털때문에 헬스하는 강쥐 같은데 그래서 더 귀여워욤 ㅎㅎ사이즈도 좋아요 ,네****,2020-09-03 02:12:44,너무귀여워요@/@@/@ 털때문에 헬스하는 강쥐 같은데 그래서 더 귀여워욤 ㅎㅎ사이즈도 좋아요(2020-09-02 00:05:52 에 등록된 네이버 페이 구매평)
,514,첫 주문인데 만족합니다 ,정****,2020-09-02 10:14:59,아이 장난감과 산책 가방도 챙겨주시고 너무 감사해요@>@배변봉투도 보내주셨어요@>@다쓰임이 있는것들이라 매우 만족하고@>@옷도 아가한데 너무 잘어울립니다@>@사이즈 때문에 고민 많이 했는데@>@한치수 더 큰걸 살껄 하는 약간의 후회가 있지만@>@지금 잘 맞아요^^
,513,보통 ,네****,2020-09-02 06:37:44,배송도 빠르고 L과 XL사이즈를 입는데@/@ L사이즈로 구입했는데@/@ 딱 맞아서 좋아요.(2020-09-01 19:51:46 에 등록된 네이버 페이 구매평)
,512,배송도 빠르고 평소 L사이즈 입는데, L사이즈도 작을때가 있는데, 잘 맞아서 좋아요. ,네****,2020-09-02 05:49:15,배송도 빠르고 평소 L사이즈 입는데@/@ L사이즈도 작을때가 있는데@/@ 잘 맞아서 좋아요.(2020-09-01 19:53:33 에 등록된 네이버 페이 구매평)
[ODD STUDIO] 또또또 친구들 체크 UV썬캡 해또,511,이뻐요♥︎ 대형견 아이템 찾기 어려운데 너무좋아요 ,네****,2020-09-02 03:51:08,이뻐요&hearts;︎ 대형견 아이템 찾기 어려운데 너무좋아요(2020-09-01 13:36:06 에 등록된 네이버 페이 구매평)
[ODD STUDIO] 또또또 친구들 체크 UV썬캡 누또(S사이즈 11월초 입고예정),510,사진찍기용으론 너무 좋은데 밖에서 달리니까 벗겨져요 ㅠㅠ ,네****,2020-08-30 04:20:10,사진찍기용으론 너무 좋은데 밖에서 달리니까 벗겨져요 ㅠㅠ(2020-08-29 14:17:08 에 등록된 네이버 페이 구매평)
[ODD STUDIO] 또또또 친구들 체크 UV썬캡 따또 (S사이즈 11월초 입고예정),503,불만족 ,네****,2020-08-25 07:12:24,머리한번흔들면 목걸이가 됩니다ㅋ사진 한번용(2020-08-24 21:40:18 에 등록된 네이버 페이 구매평)
[ODD STUDIO] 오댕댕 너맘보 커플티_10 COLORS,502,만족 ,네****,2020-08-23 05:20:15,엄청 이쩌요 재질도 좋고 시원하게 잘 입을거 같습니다!(2020-08-22 14:45:52 에 등록된 네이버 페이 구매평)
,501,입에 붙어 버렸어요.. ,네****,2020-08-22 06:12:21,입에 붙어 버렸어요..(2020-08-21 20:49:08 에 등록된 네이버 페이 구매평)
[ODD STUDIO] 또또또 친구들 체크 UV썬캡 따또 (S사이즈 11월초 입고예정),500,만족 ,네****,2020-08-21 07:40:53,넘모 귀여워서 환장ㅠㅠ m 사이즈로 하긴 했는데 좀 크긴 해요 s 사이즈도 팔아주세여...(2020-08-20 22:19:31 에 등록된 네이버 페이 구매평)
[ODD STUDIO] 또또또 친구들 체크 UV썬캡 해또,499,핵귀요미에요 다른 색상도 구매해야겠어요ㅎㅎ ,네****,2020-08-21 05:27:31,핵귀요미에요 다른 색상도 구매해야겠어요ㅎㅎ(2020-08-20 18:53:25 에 등록된 네이버 페이 구매평)
[ODD STUDIO] 따또 크롭 탱크탑,498,만족 ,네****,2020-08-21 04:58:46,옷이 너무 깜찍발랄합니다 ㅋㄷ 귀염(2020-08-20 13:47:33 에 등록된 네이버 페이 구매평)
[ODD STUDIO] 시원쏘쿨 베스트_옐로우,497,넘 예뻐요 ,정****,2020-08-20 21:36:24,일요일에 시켰는데 월요일은 공휴일이라 수요일에 배송왔어요 배송 빠르고 만족합니다@>@입혀봤는데 넘넘 귀여워요 산책 나갔다왔는데 여름이라 더운건 어쩔수 없나봐요 그래도 안입히는것보단 입히는게 나은거같아요 맨날 입히고 밤산책 나가려구요
[ODD STUDIO] 해또 인형 방수헤어밴드 (스누드),496,목욕시킬 때 귀에 물 안들어가서 너무 좋은거 같아요 꿀템 ,네****,2020-08-19 04:23:55,목욕시킬 때 귀에 물 안들어가서 너무 좋은거 같아요 꿀템(2020-08-18 18:06:01 에 등록된 네이버 페이 구매평)
,495,만족 ,네****,2020-08-18 05:10:35,확실히 자외선차단이 잘됩니다(2020-08-17 21:19:10 에 등록된 네이버 페이 구매평)
[ODD STUDIO] 또또또 친구들 체크 UV썬캡 따또 (S사이즈 11월초 입고예정),488,늦장 부리다가 노란색 품절 됐었는데 드디어 샀어요. 왜 진작에 안사고 꾸물거렸는지ㅠㅠ 귀를 빼서 쓰니까 ... ,네****,2020-08-16 03:03:23,늦장 부리다가 노란색 품절 됐었는데 드디어 샀어요. 왜 진작에 안사고 꾸물거렸는지ㅠㅠ 귀를 빼서 쓰니까 머리 위쪽이 고정 되고 턱쪽에 또 한번 더 고정 할 수 있으니까 너무 좋아요. 머리를 아무리 흔들어도 벗겨질 염려는 없겠어요! 햇빛이 강해서 자외선 걱정도 되고 아이 눈도 걱정이였는데 정말 좋은 모자 사게 돼서 행복해요!!(2020-08-15 11:53:03 에 등록된 네이버 페이 구매평)
,487,분홍색,하늘색 둘다 주문했는데 색도 예쁘고 그림도 예쁘고 맘에들어요! ,네****,2020-08-13 05:25:19,분홍색@/@하늘색 둘다 주문했는데 색도 예쁘고 그림도 예쁘고 맘에들어요!(2020-08-12 22:13:16 에 등록된 네이버 페이 구매평)
,486,그림도 너무 귀엽고 방석처럼 펼쳐서 사용중인데 좋아하네요 ㅎㅎ ,네****,2020-08-13 05:25:18,그림도 너무 귀엽고 방석처럼 펼쳐서 사용중인데 좋아하네요 ㅎㅎ(2020-08-12 22:12:41 에 등록된 네이버 페이 구매평)
[ODD STUDIO] 또또또 친구들 체크 UV썬캡 따또 (S사이즈 11월초 입고예정),485,만족 ,네****,2020-08-13 03:19:06,아직 착용해보진 않았찌만 귀여울꺼같아요(2020-08-12 08:51:11 에 등록된 네이버 페이 구매평)
[ODD STUDIO] 또또또 친구들 체크 UV썬캡 껴또(S사이즈 11월초 입고예정),484,만족 ,네****,2020-08-12 06:08:56,강아지 너무 귀여워요! 튼튼해서 잘쓸거같아요(2020-08-11 20:05:34 에 등록된 네이버 페이 구매평)
,483,선물하려고 더 샀어요 ,네****,2020-08-11 03:18:35,선물하려고 더 샀어요(2020-08-10 11:53:01 에 등록된 네이버 페이 구매평)
,482,늘구입해서 쓰고잇습니다^^ 물기가 너무많아서 물기만 좀 적으면 좋을거같아요 ,네****,2020-08-10 05:33:49,늘구입해서 쓰고잇습니다^^ 물기가 너무많아서 물기만 좀 적으면 좋을거같아요(2020-08-09 22:28:31 에 등록된 네이버 페이 구매평)
[ODD STUDIO] 또또또 친구들 체크 UV썬캡 따또 (S사이즈 11월초 입고예정),481,일단착용이 쉬워서 좋아요!!!매우귀엽고요다만 강아지가 살짝 불편해하더라구요(자기주장확실한 말티즈) ,네****,2020-08-09 04:49:46,일단착용이 쉬워서 좋아요!!!@>@매우귀엽고요@>@다만 강아지가 살짝 불편해하더라구요(자기주장확실한 말티즈)(2020-08-08 16:22:39 에 등록된 네이버 페이 구매평)
,480,만족 ,네****,2020-08-09 04:01:25,여름 준비 끝판왕 아이템으로 재미있게 수영장 다녀왔어요~*^^*!!! 아주 유용한아이템만 있습니다!!(2020-08-08 11:49:40 에 등록된 네이버 페이 구매평)
[ODD STUDIO] 껴또 크롭 탱크탑,473,4.3키로 똥똥한 푸들인데 라지사이즈 약간 컸어요 ㅠㅠ 미듐사이즈 했어도 괜찮았을것? 같네용선물해줬는... ,네****,2020-08-07 05:03:16,4.3키로 똥똥한 푸들인데 라지사이즈 약간 컸어요 ㅠㅠ @>@미듐사이즈 했어도 괜찮았을것? 같네용@>@선물해줬는데 너무 귀여워요@>@선캡이랑 세트로 구매했습니다(2020-08-06 18:27:17 에 등록된 네이버 페이 구매평)
[ODD STUDIO] 껴또 인형 방수헤어밴드 (스누드),472,만족 ,네****,2020-08-04 06:09:43,귀여워여 색깔별로 샀어요(2020-08-03 18:59:10 에 등록된 네이버 페이 구매평)
[ODD STUDIO] 따또 인형 방수헤어밴드 (스누드),471,귀여워요 색깔별로 샀어요 ,네****,2020-08-04 04:35:55,귀여워요 색깔별로 샀어요(2020-08-03 18:58:37 에 등록된 네이버 페이 구매평)
[ODD STUDIO] 해또 인형 방수헤어밴드 (스누드),470,귀여워여 색깔별로 샀어요 ㅎㅎ ,네****,2020-08-04 04:35:54,귀여워여 색깔별로 샀어요 ㅎㅎ(2020-08-03 18:58:17 에 등록된 네이버 페이 구매평)
,469,이벤트 할때 득템했어요^^한마리는 사이즈가 딱 인데 하나는 좀 크긴한데걍 입혀야겠어요ㅋ ,네****,2020-08-04 03:54:15,이벤트 할때 득템했어요^^@>@한마리는 사이즈가 딱 인데 하나는 좀 크긴한데@>@걍 입혀야겠어요ㅋ(2020-08-03 14:58:34 에 등록된 네이버 페이 구매평)
[ODD STUDIO] 또또또 친구들 체크 UV썬캡 따또 (S사이즈 11월초 입고예정),468,너무이쁘게잘쓰구잇어유 ,네****,2020-08-04 02:30:32,너무이쁘게잘쓰구잇어유(2020-08-03 07:21:58 에 등록된 네이버 페이 구매평)
,467,마리체 선물왓또❤ ,김****,2020-08-03 20:08:43,또또또 선물박스 구성 대혜자에요ㅎ@>@완전 득템한듯요
,466,마리체 또또또친구들 선물박스삿또❤ ,김****,2020-08-02 22:46:11,완전 맘에 쏙들어요~@>@덕분에 귀여운 커플룩완성🥰🥰🥰
,465,너무 잘쓰고 있어요~^^ ,네****,2020-08-02 02:46:44,너무 잘쓰고 있어요~^^(2020-08-01 06:57:16 에 등록된 네이버 페이 구매평)
,458,너무귀엽고 만족스러워요ㅋㅋㅋ다만 몽이에게인데 뭉이에게라고 써져와서ㅡㅠ맴찢ㅠㅋ ,네****,2020-07-29 05:22:55,너무귀엽고 만족스러워요ㅋㅋㅋ@>@다만 몽이에게인데 뭉이에게라고 써져와서ㅡㅠ@>@@>@맴찢ㅠㅋ(2020-07-28 20:06:52 에 등록된 네이버 페이 구매평)
,457,보통 ,네****,2020-07-29 05:12:18,귀여워요~~ ㅎㅎ 잘산듯(2020-07-28 15:44:14 에 등록된 네이버 페이 구매평)
[ODD STUDIO] 또또또 친구들 체크 UV썬캡 누또(S사이즈 11월초 입고예정),456,만족 ,네****,2020-07-29 03:28:00,더 귀여워진 강아지가 되었어요!(2020-07-28 10:29:32 에 등록된 네이버 페이 구매평)
[ODD STUDIO] 또또또 친구들 체크 UV썬캡 껴또(S사이즈 11월초 입고예정),455,디자인도 예쁘고 가격대비 실용성이 엄청 좋아요. 배송도 빨라서 더 좋았어요. ,네****,2020-07-29 02:58:26,디자인도 예쁘고 가격대비 실용성이 엄청 좋아요. 배송도 빨라서 더 좋았어요.(2020-07-28 11:15:06 에 등록된 네이버 페이 구매평)
[ODD STUDIO] 또또또 친구들 체크 UV썬캡 따또 (S사이즈 11월초 입고예정),454,너무 귀여워요 다만 귀빼는 구멍이 조금 위쪽이라 옆으로 구멍이 좀더 나 있으면 좋을것같아요^^ 그래도 아... ,네****,2020-07-28 02:39:39,너무 귀여워요 다만 귀빼는 구멍이 조금 위쪽이라 옆으로 구멍이 좀더 나 있으면 좋을것같아요^^ 그래도 아주 만족 했습니다!(2020-07-27 08:53:01 에 등록된 네이버 페이 구매평)
[ODD STUDIO] 또또또 친구들 체크 UV썬캡 껴또(S사이즈 11월초 입고예정),453,너무 귀여워요... 햇빛 쨍쨍한날 씌우고 나가기 좋을거같아요 아이 사이즈가 애매해서 아예 큰걸로 교환했더... ,네****,2020-07-27 04:34:48,너무 귀여워요... 햇빛 쨍쨍한날 씌우고 나가기 좋을거같아요 아이 사이즈가 애매해서 아예 큰걸로 교환했더니 사아알짝 크지만..!(2020-07-26 19:12:07 에 등록된 네이버 페이 구매평)
[ODD STUDIO] 시원쏘쿨 베스트_옐로우,452,만족 ,네****,2020-07-27 03:15:44,물에짜서 입히면 확실이 피부와 옷 사이에 냉기가 느껴져요(2020-07-26 09:35:51 에 등록된 네이버 페이 구매평)
[베스트에버] 브로콜리 바스락삑삑 토이,451,매일 갖고놀아요 ,조****,2020-07-26 15:35:01,ㅋㅋㅋㅋ너무좋아해서 뿌듯😙
[팜컴퍼니][플렉시] flexi 글램 스파이더 L-FLE324,450,너무이뻐요💙 ,조****,2020-07-26 15:31:54,너무예쁘고 가볍고 좋아요🥰@>@혹시나 떨어트릴까봐 더욱 조심조심하게되요ㅋㅋㅋㅋ
[ODD STUDIO] 또또또 친구들 체크 UV썬캡 껴또(S사이즈 11월초 입고예정),443,만족 ,네****,2020-07-23 07:19:14,귀여워요 만족합니다(2020-07-22 22:07:36 에 등록된 네이버 페이 구매평)
[ODD STUDIO] 또또또 친구들 체크 UV썬캡 누또(S사이즈 11월초 입고예정),442,보통 ,네****,2020-07-23 02:41:43,스몰도나왔으면하는마음이에요  @>@클꺼같은데도구입했어요 역시크긴큰데 ..(2020-07-22 01:53:58 에 등록된 네이버 페이 구매평)
[ODD STUDIO] 또또또 친구들 체크 UV썬캡 따또 (S사이즈 11월초 입고예정),441,만족 ,네****,2020-07-22 05:09:35,너무귀여워요ㅋㅋ저희 강아지는 귀가 커서 미디움 꾸역꾸역 귀를 넣어야하지만 진짜 쫄귀예요!(2020-07-21 15:02:12 에 등록된 네이버 페이 구매평)
[ODD STUDIO] 또또또 친구들 체크 UV썬캡 껴또(S사이즈 11월초 입고예정),440,만족 ,네****,2020-07-21 05:49:23,잘 만들어졌어요. 배송도 빠릅니다(2020-07-20 15:47:00 에 등록된 네이버 페이 구매평)
[ODD STUDIO] 또또또 친구들 체크 UV썬캡 따또 (S사이즈 11월초 입고예정),439,만족 ,네****,2020-07-21 05:15:28,너무 귀여워요 ㅋㅋㅋ빨리 비왔으면 좋겠네요 ㅋ씌우고 산책가게 ㅋ(2020-07-20 14:32:01 에 등록된 네이버 페이 구매평)
[ODD STUDIO] 또또또 친구들 체크 UV썬캡 따또 (S사이즈 11월초 입고예정),438,만족 ,네****,2020-07-21 03:44:03,너무 귀여워요 신축성도 있는 편이라 사이즈 예쁘게 잘 맞네요(2020-07-20 10:28:18 에 등록된 네이버 페이 구매평)
[ODD STUDIO] 또또또 친구들 체크 UV썬캡 따또 (S사이즈 11월초 입고예정),437,너무 귀여워용 주변에서 어디서 샀냐고 궁금해해옇ㅎ ,네****,2020-07-20 05:01:56,너무 귀여워용 주변에서 어디서 샀냐고 궁금해해옇ㅎ(2020-07-19 22:01:52 에 등록된 네이버 페이 구매평)
[ODD STUDIO] 또또또 친구들 체크 UV썬캡 따또 (S사이즈 11월초 입고예정),436,너무 귀엽고 생각보다 사이즈가 커서 당황했어요! ,네****,2020-07-20 05:00:18,너무 귀엽고 생각보다 사이즈가 커서 당황했어요!(2020-07-19 21:55:56 에 등록된 네이버 페이 구매평)
[ODD STUDIO] 또또또 친구들 체크 UV썬캡 껴또(S사이즈 11월초 입고예정),435,너무 잘 벗겨져서 아쉽긴한데ㅠㅠ 귀여워용...! ,네****,2020-07-20 04:31:56,너무 잘 벗겨져서 아쉽긴한데ㅠㅠ 귀여워용...!(2020-07-19 19:15:52 에 등록된 네이버 페이 구매평)
[ODD STUDIO] 또또또 친구들 체크 UV썬캡 껴또(S사이즈 11월초 입고예정),428,요즘같은 자외선강한 날씨에도 쓰기좋지만. 비오는날에도 착용햇더니 빗방울을 막앚 ㅓ허 좋앗습니다 ,네****,2020-07-18 03:39:29,요즘같은 자외선강한 날씨에도 쓰기좋지만. 비오는날에도 착용햇더니 빗방울을 막앚 ㅓ허 좋앗습니다(2020-07-17 12:40:14 에 등록된 네이버 페이 구매평)
,427,만족 ,네****,2020-07-17 06:12:06,생각보다 이뻐요. . 최고.(2020-07-16 17:56:23 에 등록된 네이버 페이 구매평)
[ODD STUDIO] 또또또 친구들 체크 UV썬캡 따또 (S사이즈 11월초 입고예정),426,만족 ,네****,2020-07-17 06:12:06,너무 귀여워요 진짜!!!ㅎㅎ(2020-07-16 17:42:38 에 등록된 네이버 페이 구매평)
[ODD STUDIO] 또또또 친구들 체크 UV썬캡 껴또(S사이즈 11월초 입고예정),425,확실히 작년꺼보다 전체적으로 커졌어요~눈보호용으로 구매했어요 ,네****,2020-07-17 04:58:32,확실히 작년꺼보다 전체적으로 커졌어요~@>@눈보호용으로 구매했어요(2020-07-16 17:41:42 에 등록된 네이버 페이 구매평)
[ODD STUDIO] 또또또 친구들 체크 UV썬캡 누또(S사이즈 11월초 입고예정),424,확실히 작년꺼보다 전체적으로 커졌어요~눈보호용으로 구매했어요 ,네****,2020-07-17 04:58:31,확실히 작년꺼보다 전체적으로 커졌어요~@>@눈보호용으로 구매했어요(2020-07-16 17:33:09 에 등록된 네이버 페이 구매평)
[ODD STUDIO] 또또또 친구들 체크 UV썬캡 따또 (S사이즈 11월초 입고예정),423,만족 ,네****,2020-07-17 04:55:17,짱귀예요ㅋㅋ애기가됫네융ㅋ(2020-07-16 13:57:29 에 등록된 네이버 페이 구매평)
[ODD STUDIO] 따또 스카프 빕❤사업자회원전용 아이템❤,422,만족 ,네****,2020-07-17 04:55:17,귀엽네요ㅋㅋ애기스러워졌어요ㅋ(2020-07-16 13:57:06 에 등록된 네이버 페이 구매평)
[ODD STUDIO] 또또또 친구들 체크 UV썬캡 따또 (S사이즈 11월초 입고예정),421,너무 귀여운데 다른강아지들은 앞이 잘 보이는거 같은ㄷㅔ 저희 강쥐는 귀에맞춰 쓰면 잘 안보이는거 같기도... ,네****,2020-07-17 03:18:11,너무 귀여운데 다른강아지들은 앞이 잘 보이는거 같은ㄷㅔ 저희 강쥐는 귀에맞춰 쓰면 잘 안보이는거 같기도 하고 ㅋㅋㅋ 쓰면 멈춰버리네욤... 요구르트 아줌마같아여 ㅎㅎ(2020-07-16 10:59:42 에 등록된 네이버 페이 구매평)
,420,이번주 토요일에 가서 인생샷찍고올꺼에요ㅎ 작은아이만 쓰기싫다고자꾸벗네요 딱맞게묶으면.고정력좋은데그... ,네****,2020-07-16 06:32:16,이번주 토요일에 가서 인생샷찍고올꺼에요ㅎ 작은아이만 쓰기싫다고자꾸벗네요 딱맞게묶으면.고정력좋은데그럼불편할까봐 적당히묶어서 썼네요감사합니다!(2020-07-15 22:42:04 에 등록된 네이버 페이 구매평)
[ODD STUDIO] 또또또 친구들 체크 UV썬캡 따또 (S사이즈 11월초 입고예정),413,만족 ,네****,2020-07-14 03:49:21,좋은데@>@그 목부분 고무줄이 너무 짱짱해서 불편할거같아여ㅠㅠㅠ이거땜에 못씌우겟어요..(2020-07-13 10:31:14 에 등록된 네이버 페이 구매평)
[ODD STUDIO] 또또또 친구들 체크 UV썬캡 따또 (S사이즈 11월초 입고예정),412,너무귀여워요ㅠㅠ ㅋㅋㅋ 머리에 뭐 쓰는거 싫어하는 우리집 댕댕이도 너무 잘쓰고 있어요 :) ,네****,2020-07-14 03:36:50,너무귀여워요ㅠㅠ ㅋㅋㅋ 머리에 뭐 쓰는거 싫어하는 우리집 댕댕이도 너무 잘쓰고 있어요 :)(2020-07-13 12:43:49 에 등록된 네이버 페이 구매평)
,411,보통 ,네****,2020-07-14 03:23:47,사용전이지만 좋을것 같아요 ^^(2020-07-13 09:21:48 에 등록된 네이버 페이 구매평)
[ODD STUDIO] 또또또 친구들 체크 UV썬캡 따또 (S사이즈 11월초 입고예정),410,보통 ,네****,2020-07-14 03:23:47,가격도 착하구 귀여운것 같아요 ^^(2020-07-13 09:21:35 에 등록된 네이버 페이 구매평)
,409,너무 귀여워요!! 사이즈도 좋아요! ,네****,2020-07-13 02:59:33,너무 귀여워요!! 사이즈도 좋아요!(2020-07-12 10:37:07 에 등록된 네이버 페이 구매평)
,408,너무 귀여워요!! 사이즈도 좋아요! ,네****,2020-07-13 02:59:32,너무 귀여워요!! 사이즈도 좋아요!(2020-07-12 10:36:41 에 등록된 네이버 페이 구매평)
,407,사이즈 잘맞아요 너무쉬여워요!! ,네****,2020-07-13 02:59:31,사이즈 잘맞아요 너무쉬여워요!!(2020-07-12 10:35:26 에 등록된 네이버 페이 구매평)
[ODD STUDIO] 또또또 친구들 체크 UV썬캡 따또 (S사이즈 11월초 입고예정),406,아 오래 못쓰고 있긴한데 너무 귀엽네요 ,네****,2020-07-13 02:43:33,아 오래 못쓰고 있긴한데 너무 귀엽네요(2020-07-12 09:09:35 에 등록된 네이버 페이 구매평)
,405,만족 ,네****,2020-07-12 07:06:20,이뻐용@>@사이즈가울애들한테는@>@좀크네요(2020-07-11 20:23:53 에 등록된 네이버 페이 구매평)
[ODD STUDIO] 또또또 친구들 체크 UV썬캡 따또 (S사이즈 11월초 입고예정),398,이뻐요. 마니마니 파세요 ,네****,2020-07-11 05:34:53,이뻐요. 마니마니 파세요(2020-07-10 18:39:44 에 등록된 네이버 페이 구매평)
[ODD STUDIO] 따또 크롭 탱크탑,397,넘나 이쁘네요 또 구매할게요 ,네****,2020-07-11 05:34:53,넘나 이쁘네요 또 구매할게요(2020-07-10 18:38:34 에 등록된 네이버 페이 구매평)
,396,너무 귀엽고 귀가따로빠져서 좋아요 ,네****,2020-07-11 04:53:31,너무 귀엽고 귀가따로빠져서 좋아요(2020-07-10 16:16:51 에 등록된 네이버 페이 구매평)
,395,모자랑 세뚜바리로 하니깐 옴총 귀여워영ㅋ ,네****,2020-07-11 03:56:18,모자랑 세뚜바리로 하니깐 옴총 귀여워영ㅋ(2020-07-10 13:21:10 에 등록된 네이버 페이 구매평)
[ODD STUDIO] 또또또 친구들 체크 UV썬캡 따또 (S사이즈 11월초 입고예정),394,3.5키로 말티한테는 딱인데 6키로 푸들이 한테는 작아요ㅜㅜ모자가 둥그렇게 안되구 일자가 되네요ㅋ모자는... ,네****,2020-07-11 03:56:18,3.5키로 말티한테는 딱인데 6키로 푸들이 한테는 작아요ㅜㅜ모자가 둥그렇게 안되구 일자가 되네요ㅋ@>@모자는 너무 귀여운데 아숩..라지는 너무 커보이던데 중간사이즈 있었음좋겠어영ㅋ(2020-07-10 13:20:00 에 등록된 네이버 페이 구매평)
[ODD STUDIO] 또또또 친구들 체크 UV썬캡 껴또(S사이즈 11월초 입고예정),393,금액은 정말 저렴해서 좋은데 사이즈가 안맞는지 귀 부분이 안맞고 탈탈탈 털면 다 벗겨져서 그게 좀 많이 ... ,네****,2020-07-10 06:53:22,금액은 정말 저렴해서 좋은데 사이즈가 안맞는지 귀 부분이 안맞고 탈탈탈 털면 다 벗겨져서 그게 좀 많이 아쉽네요.(2020-07-09 23:44:40 에 등록된 네이버 페이 구매평)
[ODD STUDIO] 또또또 친구들 체크 UV썬캡 따또 (S사이즈 11월초 입고예정),392,심장이 너무 아포요 .. ,네****,2020-07-10 05:43:33,심장이 너무 아포요 ..(2020-07-09 19:36:04 에 등록된 네이버 페이 구매평)
,391,귀여움ㅋ ,민****,2020-07-09 13:03:01,포메 넷둥이 해주려고 샀는데 넘 귀엽네요.@>@근데 종류별로 4개 사려고 했는데 해또가 두개가 와서 아쉬워요; 2+2이라서 그런건지..? 서비스로 인형주신것도 귀엽네요^^
[ODD STUDIO] 따또 크롭 탱크탑,390,썬캡이랑 찰떡궁합이에요. 크롭티 좋아하는데 짱귀요. ,네****,2020-07-09 04:55:34,썬캡이랑 찰떡궁합이에요. 크롭티 좋아하는데 짱귀요.(2020-07-08 17:17:18 에 등록된 네이버 페이 구매평)
[ODD STUDIO] 또또또 친구들 체크 UV썬캡 따또 (S사이즈 11월초 입고예정),383,귀엽고 생각보다 안불편해해요 ,네****,2020-07-08 04:29:39,귀엽고 생각보다 안불편해해요(2020-07-07 15:41:15 에 등록된 네이버 페이 구매평)
,382,만족 ,네****,2020-07-08 04:23:47,씌우면 귀여운데 자꾸만 벗겨지는게 흠이네요(2020-07-07 12:01:53 에 등록된 네이버 페이 구매평)
,381,만족 ,네****,2020-07-08 04:23:47,편하게 막 쓸수 있어요(2020-07-07 12:01:26 에 등록된 네이버 페이 구매평)
[ODD STUDIO] 또또또 친구들 체크 UV썬캡 누또(S사이즈 11월초 입고예정),380,첨이라 어색해하긴 하지만  이뻐요~~^^ ,네****,2020-07-08 04:14:05,첨이라 어색해하긴 하지만  이뻐요~~^^(2020-07-07 14:49:30 에 등록된 네이버 페이 구매평)
[ODD STUDIO] 또또또 친구들 체크 UV썬캡 따또 (S사이즈 11월초 입고예정),379,만족 ,네****,2020-07-08 03:33:05,이뻐서 샀는데 강쥐가 무서워해요 ㅎ(2020-07-07 09:57:54 에 등록된 네이버 페이 구매평)
[ODD STUDIO] 또또또 친구들 체크 UV썬캡 껴또(S사이즈 11월초 입고예정),378,만족 ,네****,2020-07-08 02:55:29,너무 귀여워요 ㅠㅠㅠ 색도 귀엽고(2020-07-07 07:08:05 에 등록된 네이버 페이 구매평)
[ODD STUDIO] 또또또 친구들 체크 UV썬캡 따또 (S사이즈 11월초 입고예정),377,만족 ,네****,2020-07-07 08:09:59,선물했는데 너무 맘에 든대요~~(2020-07-06 21:19:25 에 등록된 네이버 페이 구매평)
,376,사이즈느 살짝큰데 자외선차단이 잘되는거같아요 ,네****,2020-07-07 03:31:10,사이즈느 살짝큰데 자외선차단이 잘되는거같아요(2020-07-06 12:07:33 에 등록된 네이버 페이 구매평)
[ODD STUDIO] 또또또 친구들 체크 UV썬캡 껴또(S사이즈 11월초 입고예정),375,요구르트 아줌마가 됩니다. ,네****,2020-07-06 05:22:37,요구르트 아줌마가 됩니다.(2020-07-05 21:47:05 에 등록된 네이버 페이 구매평)
[ODD STUDIO] 껴또 인형 방수헤어밴드 (스누드),368,털에 안묻어서 좋아요 수영할때도 씌워줘야겠어요그리고 젤좋은건 귀여움... ,네****,2020-07-05 02:23:07,털에 안묻어서 좋아요 수영할때도 씌워줘야겠어요@>@그리고 젤좋은건 귀여움...(2020-07-04 01:08:29 에 등록된 네이버 페이 구매평)
[ODD STUDIO] 따또 인형 방수헤어밴드 (스누드),367,털에 안묻어서 좋아요 수영할때도 씌워줘야겠어요그리고 젤좋은건 귀여움... ,네****,2020-07-05 02:23:07,털에 안묻어서 좋아요 수영할때도 씌워줘야겠어요@>@그리고 젤좋은건 귀여움...(2020-07-04 01:04:11 에 등록된 네이버 페이 구매평)
[ODD STUDIO] 또또또 친구들 체크 UV썬캡 따또 (S사이즈 11월초 입고예정),366,분홍이사고귀여워서 노랭이도삿내욤 너무귀엽고깜찍해용ㅋㅋ ,네****,2020-07-04 03:22:35,분홍이사고귀여워서 노랭이도삿내욤 너무귀엽고깜찍해용ㅋㅋ(2020-07-03 10:22:48 에 등록된 네이버 페이 구매평)
[ODD STUDIO] 또또또 친구들 체크 UV썬캡 따또 (S사이즈 11월초 입고예정),365,만족 ,네****,2020-07-04 02:23:29,너무 귀여워요 사진이랑 똑같아요(2020-07-03 00:05:14 에 등록된 네이버 페이 구매평)
,364,만족 ,네****,2020-07-03 05:08:40,이쁘고 귀엽고 여유로 똥봉투 한롤 정도는더들어가서좋아요(2020-07-02 13:34:19 에 등록된 네이버 페이 구매평)
[ODD STUDIO] 또또또 친구들 체크 UV썬캡 따또 (S사이즈 11월초 입고예정),363,8키로 비숑인데 선물받앗어요  근데 제가왜 리뷰를 쓰냐고요?ㅋ ㅋ제가주문하고  받앗으니요ㅋㅋ 라지햇는... ,네****,2020-07-03 04:03:57,8키로 비숑인데 선물받앗어요  근데 제가왜 리뷰를 쓰냐고요?ㅋ ㅋ제가주문하고  받앗으니요ㅋㅋ @>@라지햇는데 미듐해도될뻔햇어요@>@ㅋ가격착하고 이뻐요~~(2020-07-02 13:36:12 에 등록된 네이버 페이 구매평)
[ODD STUDIO] 또또또 친구들 체크 UV썬캡 따또 (S사이즈 11월초 입고예정),362,구부려서 씌워야하는 그런 모자라서 강쥐가 좀만 움직여도 금방 벗겨지네여 ㅜ 그렇다고 너무 쎄게 조일수도... ,네****,2020-07-02 06:37:23,구부려서 씌워야하는 그런 모자라서 강쥐가 좀만 움직여도 금방 벗겨지네여 ㅜ 그렇다고 너무 쎄게 조일수도 없고 너무너무 귀여운데 사진용으로만 썼어여@/@@/@@/@(2020-07-01 21:56:14 에 등록된 네이버 페이 구매평)
[ODD STUDIO] 시원쏘쿨 베스트_블루,361,만족 ,네****,2020-07-02 03:22:26,입히기도 편하고 진짜 시원해져요!(2020-07-01 07:20:28 에 등록된 네이버 페이 구매평)
[ODD STUDIO] 또또또 친구들 체크 UV썬캡 껴또(S사이즈 11월초 입고예정),360,너무귀여워요 근대 흔들면 벗겨져요 ㅜ ,네****,2020-06-30 04:02:07,너무귀여워요 근대 흔들면 벗겨져요 ㅜ(2020-06-29 14:49:17 에 등록된 네이버 페이 구매평)
,353,친구들하고 같이 썼는데 너무 귀여워요~^^ ,네****,2020-06-26 04:42:10,친구들하고 같이 썼는데 너무 귀여워요~^^(2020-06-25 15:52:46 에 등록된 네이버 페이 구매평)
[ODD STUDIO] 또또또 친구들 체크 UV썬캡 누또(S사이즈 11월초 입고예정),352,우래기테넘나잘어울림!!! ,네****,2020-06-26 03:31:58,우래기테넘나잘어울림!!!(2020-06-25 11:34:07 에 등록된 네이버 페이 구매평)
[ODD STUDIO]  누또 크롭 탱크탑,351,찰떡이에요 사길너무너무잘함 ,네****,2020-06-26 03:31:57,찰떡이에요 사길너무너무잘함(2020-06-25 11:33:43 에 등록된 네이버 페이 구매평)
,350,너무 사랑스러운 옷이에용ㅎㅎ 울집애기가 떡대가있어서ㅋㅋ쪼끔 믹스매치하지만 그래도 넘 기여워요,, 입고... [1],네****,2020-06-25 06:38:27,너무 사랑스러운 옷이에용ㅎㅎ 울집애기가 떡대가있어서ㅋㅋ쪼끔 믹스매치하지만 그래도 넘 기여워요@/@@/@ 입고 피크닉 다녀온 사진 첨부합니당.@>@핑크색은 흰색 애기들한테 찰떡인듯요!&gt;&lt;(2020-06-24 22:47:32 에 등록된 네이버 페이 구매평)
,349,만족 ,네****,2020-06-25 06:13:00,시원해보이고 너무 귀여워요!!! 5kg 비숑 여아를 키우는데 L사이즈 잘 맞네용(2020-06-24 16:41:29 에 등록된 네이버 페이 구매평)
[ODD STUDIO] 또또또 친구들 체크 UV썬캡 따또 (S사이즈 11월초 입고예정),348,너무 귀여워요ㅜㅠ 대만족입니다ㅏ요즘 노랑에 꽂혀있는 집사 [1],네****,2020-06-25 05:32:23,너무 귀여워요ㅜㅠ 대만족입니다ㅏ@>@요즘 노랑에 꽂혀있는 집사(2020-06-24 19:17:38 에 등록된 네이버 페이 구매평)
[ODD STUDIO] 시원쏘쿨 베스트_블루,347,만족 ,네****,2020-06-25 04:26:18,제품은 예쁘고 좋은데 털을 밀어놔서 커서 못입히고 있어요(2020-06-24 11:14:15 에 등록된 네이버 페이 구매평)
[ODD STUDIO] 또또또 친구들 체크 UV썬캡 따또 (S사이즈 11월초 입고예정),346,만족 ,네****,2020-06-25 04:26:18,너무 귀엽고 배송도 빠르고 좋아요(2020-06-24 11:13:34 에 등록된 네이버 페이 구매평)
[ODD STUDIO] 또또또 친구들 체크 UV썬캡 따또 (S사이즈 11월초 입고예정),345,너무 귀여워요 인기짱 [1],네****,2020-06-25 02:54:28,너무 귀여워요 인기짱(2020-06-24 09:16:44 에 등록된 네이버 페이 구매평)
[ODD STUDIO]  누또 크롭 탱크탑,338,옷이 넘 귀여워용 아기가 입어니 더 귀여워용 ,네****,2020-06-24 02:38:19,옷이 넘 귀여워용 아기가 입어니 더 귀여워용(2020-06-23 08:24:52 에 등록된 네이버 페이 구매평)
[ODD STUDIO] 또또또 친구들 체크 UV썬캡 따또 (S사이즈 11월초 입고예정),337,그냥 너무 귀여워요 고글도 있는데 모자가 간편하게 쓰고 나가기 편해요 [1],네****,2020-06-23 02:44:34,그냥 너무 귀여워요 고글도 있는데 모자가 간편하게 쓰고 나가기 편해요(2020-06-22 09:28:09 에 등록된 네이버 페이 구매평)
[ODD STUDIO] 또또또 친구들 체크 UV썬캡 누또(S사이즈 11월초 입고예정),336,정말 귀여워요❤️ 그런데 머리를 흔들면 쏙 빠져버리는데 다들 어떻게 고정시키시나요 ㅠㅠ ,네****,2020-06-23 02:17:29,정말 귀여워요❤️ 그런데 머리를 흔들면 쏙 빠져버리는데 다들 어떻게 고정시키시나요 ㅠㅠ(2020-06-22 00:56:19 에 등록된 네이버 페이 구매평)
[ODD STUDIO] 또또또 친구들 체크 UV썬캡 껴또(S사이즈 11월초 입고예정),335,넘 귀엽고 예뻐요. 4.2kg 푸들인데 m사이즈 잘 맞아요. 막 흔들어도 잘 벗겨지지 않아요. 그치만 맘 먹으면 ... ,네****,2020-06-21 05:10:41,넘 귀엽고 예뻐요. 4.2kg 푸들인데 m사이즈 잘 맞아요. 막 흔들어도 잘 벗겨지지 않아요. 그치만 맘 먹으면 혼자 벗기는 합니다. 오래 쓰고 있진 않더라고요.(2020-06-20 21:47:18 에 등록된 네이버 페이 구매평)
[ODD STUDIO] 또또또 친구들 체크 UV썬캡 따또 (S사이즈 11월초 입고예정),334,보통 ,네****,2020-06-20 05:20:57,귀엽기만해요ㅋㅋ 막상 쓸순없어요 사진한컷남기고 서랍행일듯이요(2020-06-19 16:25:15 에 등록된 네이버 페이 구매평)
[ODD STUDIO] 따또 크롭 탱크탑,333,캐릭터도 너무 귀엽고 옷도 이뻐요❤️모자는 커서 교환신청했어요ㅠㅠ ,네****,2020-06-20 04:39:22,캐릭터도 너무 귀엽고 옷도 이뻐요❤️@>@모자는 커서 교환신청했어요ㅠㅠ(2020-06-19 18:37:50 에 등록된 네이버 페이 구매평)
[ODD STUDIO] 또또또 친구들 체크 UV썬캡 따또 (S사이즈 11월초 입고예정),332,쓰자마자 미쳤다 개귀엽다 소리 나옴 ,네****,2020-06-20 03:45:24,쓰자마자 미쳤다 개귀엽다 소리 나옴(2020-06-19 14:18:22 에 등록된 네이버 페이 구매평)
[ODD STUDIO] 또또또 친구들 체크 UV썬캡 누또(S사이즈 11월초 입고예정),331,너무 예쁘네여 ㅠㅠ 햇빛도 딱 눈까지 가려지고 강아지도 모자 처음 입문인데도 잘 써줬구요! 사이즈 조절하... ,네****,2020-06-20 03:16:20,너무 예쁘네여 ㅠㅠ 햇빛도 딱 눈까지 가려지고 강아지도 모자 처음 입문인데도 잘 써줬구요! 사이즈 조절하는거나 다 좋아요! 예쁘게 오래 쓸 것 같습니당&hearts;(2020-06-19 12:05:02 에 등록된 네이버 페이 구매평)
[ODD STUDIO] 또또또 친구들 체크 UV썬캡 누또(S사이즈 11월초 입고예정),330,창이 조금 작은것 같긴한데 아직 모양이 안잡혀서 모양잡고 하면 좋을듯해요..우리강아지 어색해하는게 귀... ,네****,2020-06-20 03:01:42,창이 조금 작은것 같긴한데 @>@아직 모양이 안잡혀서 모양잡고 하면 좋을듯해요..@>@우리강아지 어색해하는게 귀여워요 잘쓸께요(2020-06-19 10:45:19 에 등록된 네이버 페이 구매평)
[베스트에버] 파 바스락삑삑 토이,323,보통 ,네****,2020-06-19 03:10:58,선물한거라 사진은 없는데 댕댕쓰 대만족 했다는 소식을 받음. 부실하게 생겨서 10분컷일 줄 알았는데 생각보다 튼튼쓰(2020-06-18 08:33:57 에 등록된 네이버 페이 구매평)
[ODD STUDIO] 또또또 친구들 체크 UV썬캡 따또 (S사이즈 11월초 입고예정),322,이뽀욤. ㅎㅎ말해뭐합니까. 근대 다만 귀가 옆으로 쳐진친구들은 귀넣기가 좀 애매합니다. 귀 넣는위치가 한... ,네****,2020-06-18 04:51:13,이뽀욤. ㅎㅎ말해뭐합니까. 근대 다만 귀가 옆으로 쳐진친구들은 귀넣기가 좀 애매합니다. 귀 넣는위치가 한 중간정도 있거나 밑에까지 찟어져있음 조금 편할꺼 같았단 아쉬움이 듭니다.(2020-06-17 18:03:06 에 등록된 네이버 페이 구매평)
[ODD STUDIO] 또또또 친구들 체크 UV썬캡 따또 (S사이즈 11월초 입고예정),321,너모 귀여워요... 귀위치가 살짝 않맞아요상품에 비하면 가격이 비싸긴하네요. ,네****,2020-06-18 02:58:43,너모 귀여워요... 귀위치가 살짝 않맞아요@>@상품에 비하면 가격이 비싸긴하네요.(2020-06-17 10:13:35 에 등록된 네이버 페이 구매평)
[ODD STUDIO] 또또또 친구들 체크 UV썬캡 따또 (S사이즈 11월초 입고예정),320,너무 귀여워요 ㅎㅎ ,네****,2020-06-18 02:23:41,너무 귀여워요 ㅎㅎ(2020-06-17 01:39:18 에 등록된 네이버 페이 구매평)
[ODD STUDIO] 또또또 친구들 체크 UV썬캡 따또 (S사이즈 11월초 입고예정),319,시츄8키로 예쁜데 잘풀려요 아숩 ,네****,2020-06-17 04:51:59,시츄8키로 예쁜데 잘풀려요 아숩(2020-06-16 19:54:13 에 등록된 네이버 페이 구매평)
[ODD STUDIO] 또또또 친구들 체크 UV썬캡 껴또(S사이즈 11월초 입고예정),318,배송도 빠르고 사이즈도 딱이네요!튼튼해보이고 뒷쪽 밴드도 있어 불편해하지않아요 ,네****,2020-06-17 04:37:16,배송도 빠르고 사이즈도 딱이네요!@>@튼튼해보이고 뒷쪽 밴드도 있어 불편해하지않아요(2020-06-16 18:53:19 에 등록된 네이버 페이 구매평)
[ODD STUDIO] 또또또 친구들 체크 UV썬캡 따또 (S사이즈 11월초 입고예정),317,ㅋㅋㅋ 이제 쿨조끼 입히고 낮에 산책 나갈수 있겠네여 ㅎㅎ ,네****,2020-06-17 03:46:05,ㅋㅋㅋ 이제 쿨조끼 입히고 @>@낮에 산책 나갈수 있겠네여 ㅎㅎ(2020-06-16 14:55:53 에 등록된 네이버 페이 구매평)
[ODD STUDIO] 또또또 친구들 체크 UV썬캡 따또 (S사이즈 11월초 입고예정),316,요쿠르트 팔아야 할꺼 같지만 샤페이는 귀가 너무 작아 착용이 힘드네요 ㅋㅋ아쉽지만 친구 푸들 강아지 줬... ,네****,2020-06-17 02:55:29,요쿠르트 팔아야 할꺼 같지만 샤페이는 귀가 너무 작아 착용이 힘드네요 ㅋㅋ아쉽지만 친구 푸들 강아지 줬어요 ㅎㅎ 그 친구는 너무 잘 어울리더라구요 ㅋㅋ(2020-06-16 11:01:33 에 등록된 네이버 페이 구매평)
,315,귀여워요.눈부심 방지하려 샀는 데 첨엔 잘 벗겨기고 캡이 펴져서 하루정도 고정시켜뒀다 씌우니 펴지진 않... ,네****,2020-06-17 02:33:24,귀여워요.@>@눈부심 방지하려 샀는 데 첨엔 잘 벗겨기고 캡이 펴져서 하루정도 고정시켜뒀다 씌우니 펴지진 않았는 데 강아지가 산책 중 뛰면 벗겨져요ㅠ(2020-06-16 08:33:00 에 등록된 네이버 페이 구매평)
[ODD STUDIO]  누또 크롭 탱크탑,308,너무귀여워용~~^^ ,네****,2020-06-12 04:04:45,너무귀여워용~~^^(2020-06-11 15:38:41 에 등록된 네이버 페이 구매평)
[ODD STUDIO] 또또또 친구들 체크 UV썬캡 껴또(S사이즈 11월초 입고예정),307,기존에 쓰던 모자보다 햇빛이 잘 가려집니다 좋아요 이뻐요 ,네****,2020-06-11 05:41:02,기존에 쓰던 모자보다 햇빛이 잘 가려집니다 좋아요 이뻐요(2020-06-10 21:00:51 에 등록된 네이버 페이 구매평)
[ODD STUDIO] 또또또 친구들 체크 UV썬캡 누또(S사이즈 11월초 입고예정),306,만족 ,네****,2020-06-11 04:51:47,빠른배송 너무 감사합니다(2020-06-10 14:11:22 에 등록된 네이버 페이 구매평)
,305,만족 ,네****,2020-06-10 04:39:13,너무 귀여워요~~ 하지만 머리를 흔들어서 잠시만 귀여움을 볼수 있네요 @>@눈부심을 위해서 씌워준건데;; ㅋㅋㅋ(2020-06-09 15:34:46 에 등록된 네이버 페이 구매평)
,304,배송빠르고 너무귀엽구 쓰기도편하네요 ,네****,2020-06-10 03:32:49,배송빠르고 너무귀엽구 쓰기도편하네요(2020-06-09 15:15:06 에 등록된 네이버 페이 구매평)
,303,만족 ,네****,2020-06-10 02:37:25,으익 졸귀에요ㅠㅠ 심멎심찢 요구르트 아줌마각입니당(2020-06-09 02:40:25 에 등록된 네이버 페이 구매평)
[ODD STUDIO] 따또 노즈워크 장난감 ❤사업자회원전용❤,302,귀여워용좋아하네요 ,네****,2020-06-06 03:14:28,귀여워용@>@좋아하네요(2020-06-05 13:20:54 에 등록된 네이버 페이 구매평)
[ODD STUDIO] 해또 노즈워크 장난감 ❤사업자회원 전용❤,301,귀여워용좋아하네요 ,네****,2020-06-06 03:14:27,귀여워용@>@좋아하네요(2020-06-05 13:20:25 에 등록된 네이버 페이 구매평)
[ODD STUDIO] 껴또 노즈워크 장난감 ❤사업자회원전용❤,300,만족 ,네****,2020-06-05 05:18:26,너무 귀여버요  노즈워크하기 딱좋아요(2020-06-04 17:27:05 에 등록된 네이버 페이 구매평)
,293,눈보호하려고 구매했어요 ,네****,2020-05-13 02:58:10,눈보호하려고 구매했어요(2020-05-12 12:22:04 에 등록된 네이버 페이 구매평)
,292,기여워요!! 귀넣는게 쫌 애매한거같긴한데 기여움.. ,네****,2020-05-10 02:59:33,기여워요!! 귀넣는게 쫌 애매한거같긴한데 기여움..(2020-05-09 11:20:31 에 등록된 네이버 페이 구매평)
,291,귀여워요 ,윤****,2020-05-08 13:48:51,크기가 꽤크네용
,290,조금 크긴한데 애기가 잘쓰고있고 모양도 귀여워요 ,네****,2020-05-07 04:47:19,조금 크긴한데 애기가 잘쓰고있고 모양도 귀여워요(2020-05-06 23:34:59 에 등록된 네이버 페이 구매평)
,289,구성도 좋고 저렴하게잘삿습니다 ,네****,2020-04-19 04:22:21,구성도 좋고 저렴하게잘삿습니다(2020-04-18 20:09:10 에 등록된 네이버 페이 구매평)
,288,풉백, 물티슈 너무 많아서 안필요한건데..그래서 고민좀 했었어요.하지만 잘샀음.. 너무 신나함.. 지금도 ... ,네****,2020-04-18 02:17:59,풉백@/@ 물티슈 너무 많아서 안필요한건데..@>@그래서 고민좀 했었어요.@>@하지만 잘샀음.. 너무 신나함.. 지금도 옆에서@>@크레파스 삑삑이 난리남..@>@싸또 껴또 누또.. 뭐더라 여튼 얘든 너무 귀여워요.@>@하나는 앞집 동생네 강아지 줬는데간식 안넣어줘도 정신 다 팔림.. 영혼까지 줄 기세..@>@아쉽게도 그아이 사진은 없네요.@>@너무 구성품이 가성비 최고라@>@(난 풉백@/@ 물티슈 필요없지만....)@>@제 개인블로그랑 인스타에도 소개해버렸어요.@>@누군가가 제꺼 보고 주문했다고하더라구요.@>@제가 팔아준겁니다. 엣헴(2020-04-17 01:23:46 에 등록된 네이버 페이 구매평)
,287,아주 좋아요 아이가 일단 좋아하고 견주선물도 있어 좋네요 ,네****,2020-04-12 03:50:15,아주 좋아요 아이가 일단 좋아하고 @>@견주선물도 있어 좋네요(2020-04-11 17:34:38 에 등록된 네이버 페이 구매평)
,286,강아지가 실외배변을 하는데 쉬하러 갈때도 응하러갈때도 인형을 하나씩 데리고다녀요 ㅋㅋ 완전 귀엽고 저... ,네****,2020-04-08 02:40:53,강아지가 실외배변을 하는데 쉬하러 갈때도 응하러갈때도 인형을 하나씩 데리고다녀요 ㅋㅋ 완전 귀엽고 저렴하게 잘삿어요:) 에코백도 생각보다 크고 너무 귀여워요ㅠㅠ(2020-04-07 11:05:50 에 등록된 네이버 페이 구매평)
,285,만족 ,네****,2020-04-04 05:27:07,사실 몇가지 있는데 울아들네 강쥐도 줄려고 샀는데 완전 좋아요^^(2020-04-03 18:48:24 에 등록된 네이버 페이 구매평)
,278,크롭 너무 귀여워요 ,김****,2020-03-26 21:03:19,입으니 더더더더 예뻐요@>@다른 색상도 구매해야겠어욥
,277,핑크도 예뻐욥 ,김****,2020-03-26 20:58:13,두 색상 다 구매했는데 두개 다 너무 예뻐요 신축성이 많은 옷은 아니여서 한사이즈 업해도 좋을꺼 같아욥
,276,만족 ,네****,2020-03-25 03:06:10,너무 귀엽고 애기가 편해해요!!(2020-03-24 10:08:47 에 등록된 네이버 페이 구매평)
,275,너무 이뻐욥 ,김****,2020-03-24 01:12:24,사이즈 걱정했는데 완전 잘 맞아욥@>@입으니 더더더 이쁘네요@>@실내복으로 여름애 산책갈때도 딱좋아요
,274,만족 ,네****,2020-03-21 03:28:32,빠른배송 감사합니다(2020-03-20 11:07:54 에 등록된 네이버 페이 구매평)
,273,불만족 ,네****,2020-03-20 04:15:34,기내사용할 수 있는줄알았는데 아니네요... 완벽히 닫히는 타입이 아니에요..(2020-03-19 13:50:42 에 등록된 네이버 페이 구매평)
,272,선물로 구입했어요톤다운된 핑크 들어있어서 색감도 예뻐요 ,네****,2020-03-19 04:45:49,선물로 구입했어요@>@톤다운된 핑크 들어있어서 색감도 예뻐요(2020-03-18 21:51:04 에 등록된 네이버 페이 구매평)
,271,목이 좀 딱 맞았는데 옷을 입고 벗고 하면서 눌어나면서 괜찮아졌어요 ,네****,2020-03-19 02:50:37,목이 좀 딱 맞았는데 옷을 입고 벗고 하면서 눌어나면서 괜찮아졌어요(2020-03-18 10:53:47 에 등록된 네이버 페이 구매평)
,270,만족 ,네****,2020-03-18 03:29:58,가볍고.생각보다 각이 잡히고 포근해요.만족합니다(2020-03-17 12:29:38 에 등록된 네이버 페이 구매평)
,263,너무 좋은가격에 샀어요 ,네****,2020-03-05 03:06:00,너무 좋은가격에 샀어요(2020-03-04 13:15:55 에 등록된 네이버 페이 구매평)
,262,만족 ,네****,2020-02-24 03:53:25,좋아요 맘에들어요 강아지가 좋아해요(2020-02-23 14:35:20 에 등록된 네이버 페이 구매평)
,261,보통 ,네****,2020-02-23 04:08:46,첫단추가 어디갔나없어짐.. 때 잘타고 그럼. 디자인은 나쁘지않은데 아쉽네요(2020-02-22 14:32:11 에 등록된 네이버 페이 구매평)
,260,만족 ,네****,2020-02-22 05:40:09,너무이뻐요 잘 샀어요(2020-02-21 20:23:43 에 등록된 네이버 페이 구매평)
,259,만족 ,네****,2020-02-22 05:40:09,너무이뿌고 좋아요 최고(2020-02-21 20:23:16 에 등록된 네이버 페이 구매평)
,258,만족 ,네****,2020-02-22 05:40:09,너무 귀욥고 이뻐요 최고(2020-02-21 20:22:54 에 등록된 네이버 페이 구매평)
,257,보통 ,네****,2020-02-20 05:34:15,생각보다 짧네요ㅜㅜ(2020-02-19 19:23:38 에 등록된 네이버 페이 구매평)
,256,만족 ,네****,2020-02-20 05:34:14,좋은 기회에 득템했어요(2020-02-19 19:23:17 에 등록된 네이버 페이 구매평)
,255,만족 ,네****,2020-02-18 05:11:50,가격도 착하고 배송도 빠르고 제품도 좋아용(2020-02-17 18:16:05 에 등록된 네이버 페이 구매평)
,248,실제로보니 넘 이뻐요! ,노****,2020-02-13 13:18:25,아이가 넘 좋아해요❤
,247,만족 ,네****,2020-02-09 02:45:44,향도 좋고 다 좋아요. 좀 비싸서 그렇지.(2020-02-08 14:41:11 에 등록된 네이버 페이 구매평)
,246,보통 ,네****,2020-02-09 02:45:44,천일줄 알았는데 천이 아니고 털이였음;;(2020-02-08 14:40:50 에 등록된 네이버 페이 구매평)
[ODD STUDIO] 누또 노즈워크 장난감 ❤사업자회원전용❤,245,만족 ,네****,2020-02-04 02:28:19,울집 강쥐 계속 이장난감만 가지고놀고 간식 넣어달라고 난리도 아녜요 이번엔 다른걸로 구매하려구요~ 아주 잘 가지고 놀고있어요(2020-02-03 11:13:25 에 등록된 네이버 페이 구매평)
,244,보통 ,네****,2020-02-03 09:17:48,사이즈나 착용감은 괜찮아 보이는데 아이가 바스락거리는 소리를 싫어해서^^; 디자인이나 색상은 맘에 듭니다!(2020-02-01 12:17:20 에 등록된 네이버 페이 구매평)
,243,만족 ,네****,2020-01-31 02:34:07,편리하니 너무좋아요!!^^(2020-01-30 12:47:23 에 등록된 네이버 페이 구매평)
,242,만족 ,네****,2020-01-27 02:29:04,배송 빠르고 좋아요(2020-01-26 11:56:28 에 등록된 네이버 페이 구매평)
[팜컴퍼니][플렉시] flexi 글램 버터플라이 L-FLE315,241,만족 ,네****,2020-01-27 02:26:34,예쁘고 고급스러워서 좋아요(2020-01-26 10:28:44 에 등록된 네이버 페이 구매평)
,240,만족 ,네****,2020-01-23 02:28:50,오~  완전 고급집니다(2020-01-22 09:42:56 에 등록된 네이버 페이 구매평)
[ODD STUDIO] 누또 노즈워크 장난감 ❤사업자회원전용❤,233,만족 ,네****,2019-12-13 02:39:09,애오오ㅡㅇ나여ㅜ우턑어네(2019-12-12 14:13:30 에 등록된 네이버 페이 구매평)
[BECO PETS] 비코 볼 RBL-001❤사업자회원전용❤,232,만족 ,네****,2019-11-21 03:07:42,애기가넘좋아해요좋아요좋아요(2019-11-20 23:33:07 에 등록된 네이버 페이 구매평)
[BECO PETS] 비코 볼 RBL-001❤사업자회원전용❤,231,만족 ,네****,2019-11-21 03:07:42,애기가 이 제품에 환장해요 갖고놀던게 구멍나서 버리고 1년을 찾아다녔는데 판매해주셔서 감사해요 지금도 공물어뜯고 난리났어요 ㅎㅎ 튼튼하고 아가용품도 만드는 회사이니 믿고 구매합니다(2019-11-20 23:32:20 에 등록된 네이버 페이 구매평)
[BECO PETS] 비코 친환경 풉백❤사업자회원전용❤,230,만족 ,네****,2019-11-21 03:07:42,저렴하게 잘샀어요 친환경이래서 믿고 사용해보려구요(2019-11-20 23:30:21 에 등록된 네이버 페이 구매평)
[BECO PETS] 비코 본 토이 RBN-001❤사업자회원전용❤,229,만족 ,네****,2019-11-21 03:07:42,좋아요 튼튼하고 크기도 적당해서 잘 가지고 노네요(2019-11-20 23:30:03 에 등록된 네이버 페이 구매평)
[ODD STUDIO] 해또 양면 스카프,228,만족 ,네****,2019-11-20 02:44:31,완전 귀여워요@/@ 옷입고 해도 이뻐요(2019-11-19 15:51:57 에 등록된 네이버 페이 구매평)
,227,보통 ,네****,2019-11-17 02:58:06,휴대용필요했는데 큰거원플할때함께구매했어요(2019-11-16 18:23:27 에 등록된 네이버 페이 구매평)
,226,보통 ,네****,2019-11-17 02:58:06,원플로싸게득템했네요 좋아요(2019-11-16 18:22:52 에 등록된 네이버 페이 구매평)
,225,너무 이뻐요~~👍 ,오****,2019-11-11 16:56:36,요고입고 나가서 핵인싸견 됐어요~ㅋㅋ@>@사이즈 s사이즈 잘 맞아요~
,218,M사이즈 재입고 문의 ,우****,2019-11-11 16:56:36,요고입고 나가서 핵인싸견 됐어요~ㅋㅋ@>@사이즈 s사이즈 잘 맞아요~
,217,                        M사이즈 재입고 문의 ,oddpet,2019-11-11 16:56:36,요고입고 나가서 핵인싸견 됐어요~ㅋㅋ@>@사이즈 s사이즈 잘 맞아요~
,216,만족 ,네****,2019-09-23 02:44:12,잘만들었는데요 생각보다 잘벗겨제요..ㅋㅋ그래도만족해요(2019-09-22 18:29:15 에 등록된 네이버 페이 구매평)
,215,만족 ,네****,2019-09-23 02:44:12,귀엽습니다 딱여름느낌나고 좋아요(2019-09-22 18:28:45 에 등록된 네이버 페이 구매평)
,214,보통 ,네****,2019-09-12 02:45:07,너무예쁘고 공간도 넉넉해서 좋아요. 시선강탈당팔듯. 근데 자크가 없어서 그게 아쉬워요(2019-09-11 17:26:22 에 등록된 네이버 페이 구매평)
,213,만족 ,네****,2019-09-11 02:56:24,좋은 저렴하게 구매해서 만족해요(2019-09-10 23:42:24 에 등록된 네이버 페이 구매평)
,212,만족 ,네****,2019-09-11 02:56:24,쎄일해서 구매했는데 귀여워요(2019-09-10 23:41:36 에 등록된 네이버 페이 구매평)
,211,만족 ,네****,2019-09-11 02:56:24,촉감도 좋고 귀여워요(2019-09-10 23:39:50 에 등록된 네이버 페이 구매평)
,210,역시 고급스럽고 예쁩니다. ,조****,2019-09-01 20:09:18,후기가 늦었네요. 세일할때 득템해서 더 좋은 코코샤넬st 트위드 드레스입니다. 벚꽃이 한창일때 이옷입고 산책했는데 시선집중 당했습니다. 역시 이라모라다 입니다^^ 앞으로도 좋은제품 많이 소개해주세요. 사랑합니다.
,203,만족 ,네****,2019-08-17 02:36:07,완전귀엽고 끈도묶는게아니고 조이는거라 좋아요(2019-08-16 12:32:35 에 등록된 네이버 페이 구매평)
,202,만족 ,네****,2019-08-12 02:27:20,배송에착오는있었으나..진작구매할걸그랬어요(2019-08-11 10:11:26 에 등록된 네이버 페이 구매평)
,201,                        만족 ,oddpet,2019-08-12 09:50:18,안녕하세요 오드펫 입니다. 먼저@/@ 배송으로 인한 불편을 드려 정말 죄송합니다. ㅜㅜ앞으로 더 좋은 상품과 서비스로 보답하겠습니다. 감사합니다 :)  [ Original Message ]  배송에착오는있었으나..진작구매할걸그랬어요(2019-08-11 10:11:26 에 등록된 네이버 페이 구매평) 
,200,만족 ,네****,2019-08-08 02:44:00,저는만족하는데저희집강아지가불만족하네요ㅡㅡ(2019-08-07 16:37:54 에 등록된 네이버 페이 구매평)
,199,만족 ,네****,2019-08-08 02:44:00,저는만족인데강아지가분ㅅ만족이네용ㅡㅡㅋ(2019-08-07 16:37:09 에 등록된 네이버 페이 구매평)
[BECO PETS] 비코 보울❤사업자회원전용❤,198,사이즈도 좋고 딱좋아요 ,심****,2019-08-07 20:53:34,넉넉한 사이즈에 안정감 있어 좋아요 색깔도 맘에 듭니다
,197,만족 ,네****,2019-08-07 02:37:05,지금 3개째 쓰는중(2019-08-06 13:38:04 에 등록된 네이버 페이 구매평)
,196,만족 ,네****,2019-08-07 02:37:05,지금 3개째 쓰는중 ㅎㅎ(2019-08-06 13:37:47 에 등록된 네이버 페이 구매평)
,195,만족 ,네****,2019-07-29 02:49:34,강아지가 외출할 때 햇빛을 가려주니까 너무 좋아해요!@>@시력 나빠질까봐 구매했는데 제값하는 거 같아요.@>@고정이 좀 더 잘 되면 좋을 거 같아요.(2019-07-29 00:41:02 에 등록된 네이버 페이 구매평)
,188,보통 ,네****,2019-07-23 02:45:52,귀여워여 감사합니다(2019-07-22 17:44:21 에 등록된 네이버 페이 구매평)
,187,만족 ,네****,2019-07-14 02:36:52,너무이쁘고좋아요 최고(2019-07-13 10:20:46 에 등록된 네이버 페이 구매평)
,186,만족 ,네****,2019-07-14 02:36:51,너무너뮈이쁘고좋아용(2019-07-13 10:20:32 에 등록된 네이버 페이 구매평)
,185,만족 ,네****,2019-07-03 02:35:58,너무귀엽고예뻐요 ~^^(2019-07-02 12:40:15 에 등록된 네이버 페이 구매평)
,184,만족 ,네****,2019-07-03 02:33:49,배송빠르네요 상품 잘 받았습니다(2019-07-02 11:42:23 에 등록된 네이버 페이 구매평)
,183,보통 ,네****,2019-07-02 02:25:11,사진이랑 똑같고 예뻐요(2019-07-01 07:40:21 에 등록된 네이버 페이 구매평)
,182,쿠폰 신청이요~! ,원****,2019-07-02 02:25:11,사진이랑 똑같고 예뻐요(2019-07-01 07:40:21 에 등록된 네이버 페이 구매평)
,181,                        쿠폰 신청이요~! ,oddpet,2019-07-02 02:25:11,사진이랑 똑같고 예뻐요(2019-07-01 07:40:21 에 등록된 네이버 페이 구매평)
,180,쿠폰신청입니다 ,김****,2019-07-02 02:25:11,사진이랑 똑같고 예뻐요(2019-07-01 07:40:21 에 등록된 네이버 페이 구매평)
,173,만족 ,네****,2019-05-09 02:31:12,강아지가 너무 좋아해요.@>@잘가지고 놀아요.^^(2019-05-08 11:39:53 에 등록된 네이버 페이 구매평)
,172,만족 ,네****,2019-05-06 02:29:29,가격이 비싸서 망설엿는데 주변에서 좋다고해서 쓰게되엇어요@/@@/@ 가격만 착하면 적극추천@>@향이 너무너무 좋아야(2019-05-05 10:58:35 에 등록된 네이버 페이 구매평)
,171,너무너무이뻐요~~~ ,박****,2019-05-02 19:05:34,남자아이라파란색주문했다가품절됐다고연락이와서핑크로바꿨는데~~후회없어요~~너무이뻐요~~
,170,보통 ,네****,2019-04-30 02:37:04,디자인은 너무귀엽고 앙증스럽고 한데 단점은 신축성이 없어 쪼금 불편해 보여요 5키로 강아지 라지 했더니 너무 딱맞아요(2019-04-29 12:07:49 에 등록된 네이버 페이 구매평)
,169,만족 ,네****,2019-04-28 02:56:10,강아지가 너무 좋아해요 ~~ 잘땐 꼭 만두속으로 쏙 들어가 자요~~^^@>@편한가봐요~~ 너무 감사해요(2019-04-27 18:34:28 에 등록된 네이버 페이 구매평)
,168,만족 ,네****,2019-04-05 02:47:31,가격대가 있어 구매에 망설였는데 받고 나니 그런 생각은 완전 사라졌어요. 넘 이쁘고 귀엽네요. 만족합니다.(2019-04-04 20:37:15 에 등록된 네이버 페이 구매평)
,167,보통 ,네****,2019-04-02 02:38:07,귀여운 공이에요 ㅎㅎ(2019-04-01 12:49:09 에 등록된 네이버 페이 구매평)
,166,보통 ,네****,2019-04-02 02:38:07,작은 개에겐 무겁지만 귀엽고 예뻐요(2019-04-01 12:48:56 에 등록된 네이버 페이 구매평)
[팜컴퍼니] 믹싱 마우스 토이 G-MIX158,165,만족 ,네****,2019-04-02 02:38:07,강아지가 좋아해서 더 사야겠네요(2019-04-01 12:48:41 에 등록된 네이버 페이 구매평)
,158,쿠폰 신청이요~ ,한****,2019-04-02 02:38:07,강아지가 좋아해서 더 사야겠네요(2019-04-01 12:48:41 에 등록된 네이버 페이 구매평)
,157,                        쿠폰 신청이요~ ,oddpet,2019-04-02 02:38:07,강아지가 좋아해서 더 사야겠네요(2019-04-01 12:48:41 에 등록된 네이버 페이 구매평)
,156,쿠폰신청이요~ ,원****,2019-04-02 02:38:07,강아지가 좋아해서 더 사야겠네요(2019-04-01 12:48:41 에 등록된 네이버 페이 구매평)
,155,                        쿠폰신청이요~ ,oddpet,2019-04-02 02:38:07,강아지가 좋아해서 더 사야겠네요(2019-04-01 12:48:41 에 등록된 네이버 페이 구매평)
,154,쿠폰신청이요~ ,김****,2019-04-02 02:38:07,강아지가 좋아해서 더 사야겠네요(2019-04-01 12:48:41 에 등록된 네이버 페이 구매평)
,153,                        쿠폰신청이요~ ,oddpet,2019-04-02 02:38:07,강아지가 좋아해서 더 사야겠네요(2019-04-01 12:48:41 에 등록된 네이버 페이 구매평)
,152,쿠폰신청이요 ,김****,2019-04-02 02:38:07,강아지가 좋아해서 더 사야겠네요(2019-04-01 12:48:41 에 등록된 네이버 페이 구매평)
,151,                        쿠폰신청이요 ,oddpet,2019-04-02 02:38:07,강아지가 좋아해서 더 사야겠네요(2019-04-01 12:48:41 에 등록된 네이버 페이 구매평)
,150,쿠폰신청이요~ ,전****,2019-04-02 02:38:07,강아지가 좋아해서 더 사야겠네요(2019-04-01 12:48:41 에 등록된 네이버 페이 구매평)
,143,                        쿠폰신청이요~ ,oddpet,2019-04-02 02:38:07,강아지가 좋아해서 더 사야겠네요(2019-04-01 12:48:41 에 등록된 네이버 페이 구매평)
,142,쿠폰신청합니다. ,박****,2019-04-02 02:38:07,강아지가 좋아해서 더 사야겠네요(2019-04-01 12:48:41 에 등록된 네이버 페이 구매평)
,141,                        쿠폰신청합니다. ,oddpet,2019-04-02 02:38:07,강아지가 좋아해서 더 사야겠네요(2019-04-01 12:48:41 에 등록된 네이버 페이 구매평)
,140,쿠폰신청요 [1],심****,2019-04-02 02:38:07,강아지가 좋아해서 더 사야겠네요(2019-04-01 12:48:41 에 등록된 네이버 페이 구매평)
,139,                        쿠폰신청요 ,oddpet,2019-04-02 02:38:07,강아지가 좋아해서 더 사야겠네요(2019-04-01 12:48:41 에 등록된 네이버 페이 구매평)
,138,만족 ,네****,2019-01-28 02:29:47,냄새가 너무 좋아요(2019-01-27 12:01:12 에 등록된 네이버 페이 구매평)
,137,불만족 ,네****,2019-01-18 02:30:54,바스라져서 애들 건강 망치기 딱(2019-01-17 12:28:59 에 등록된 네이버 페이 구매평)
,136,만족 ,네****,2019-01-18 02:30:54,애들이 너무 좋아해요 사주길 잘했어요(2019-01-17 12:28:37 에 등록된 네이버 페이 구매평)
[BECO PETS] 비코 친환경 풉백❤사업자회원전용❤,135,만족 ,네****,2019-01-12 02:23:32,은은한 향이 응가를 담아도 냄새를 잡아주는 듯 합니다.@>@간혹 봉투 아래쪽이 터져있는 봉지가 있기도 했습니다.(2019-01-11 03:17:11 에 등록된 네이버 페이 구매평)
,128,만족 ,네****,2018-12-05 02:40:41,요런스탈을 찾고있었어요  사이즈가 적은감은 있지만 가볍고 귀엽네요(2018-12-04 15:30:07 에 등록된 네이버 페이 구매평)
[BECO PETS] 비코 볼 RBL-001❤사업자회원전용❤,127,만족 ,네****,2018-11-30 02:26:47,볼은 좋은데.. 강아지가 별 관심 없어하네요ㅠㅠ(2018-11-29 09:28:40 에 등록된 네이버 페이 구매평)
[BECO PETS] 비코 볼 RBL-001❤사업자회원전용❤,126,만족 ,네****,2018-11-30 02:26:47,볼은 좋은데.. 강아지가 별 관심 없어하네요ㅠㅠ(2018-11-29 09:28:27 에 등록된 네이버 페이 구매평)
[BECO PETS] 비코 소프트 토이 BPT-001❤사업자회원전용❤,125,만족 ,네****,2018-11-30 02:26:47,악어 꼬리잡고 물어 뜯고 싸우고 난리네용(2018-11-29 09:26:32 에 등록된 네이버 페이 구매평)
,124,만족 ,네****,2018-10-21 02:29:46,물기가 다소 부족한것같기두 해요!@>@저희 강아지가 불독인데 티슈 한장이 커서 얼굴 몸 발까지 다 닦이구 향도 좋고 오래가요ㅎㅎㅎㅎ(2018-10-20 08:16:46 에 등록된 네이버 페이 구매평)
,123,만족 ,네****,2018-10-17 02:28:45,선물주려고 산건 우리 강아지가 먼저 개시해서 재구매했어요. 견고하게 만들어졌습니다(2018-10-16 09:06:23 에 등록된 네이버 페이 구매평)
,122,만족 ,네****,2018-10-16 02:56:08,같은제품 두번째 구매예요~역시나 똥강아지나 좋아하네요^^(2018-10-15 23:43:24 에 등록된 네이버 페이 구매평)
[BECO PETS] 비코 소프트 토이 BPT-001❤사업자회원전용❤,121,만족 [1],네****,2018-10-16 02:49:26,악어꼬리 물어뜯고 좋아해요(2018-10-15 18:12:48 에 등록된 네이버 페이 구매평)
,120,만족 ,네****,2018-10-16 02:49:26,3개월 아기 강아지라 몸집 만하네요! 조금 더 크면 줘야겠어요(2018-10-15 18:12:48 에 등록된 네이버 페이 구매평)
,113,                        구매 후기입니다 ,김****,2018-10-14 08:23:58, [ Original Message ]  모색이 까만 까미에게 잘어울리네요 형광 블루 랄까 보퍼플색이랄까  두가지색으로 신비하고 고급스러움과 가죽 재질이 부드러워서 착용시 피부에 부담이 없을것 같네요
,112,                            구매 후기입니다 ,김****,2018-10-14 08:26:32, [ Original Message ]   [ Original Message ]  모색이 까만 까미에게 잘어울리네요 형광 블루 랄까 보퍼플색이랄까  두가지색으로 신비하고 고급스러움과 가죽 재질이 부드러워서 착용시 피부에 부담이 없을것 같네요
,111,만족 ,네****,2018-10-10 02:38:12,견고하게 만들어진거 같아요(2018-10-09 18:22:15 에 등록된 네이버 페이 구매평)
,110,보통 ,네****,2018-10-10 02:38:12,삑삑이장난감인데 귀여운 캐릭터지만 색칠마감이 예쁘지는않아요(2018-10-09 18:22:15 에 등록된 네이버 페이 구매평)
,109,보통 ,네****,2018-10-10 02:38:12,재밌게 생긴장난감이예요. 삑삑이구요.@>@요고 오면 입에물리고 잼난 사진찍어보려구했는데 불가능이더라구요.^^ 제품 퀄리티는 높아요(2018-10-09 18:22:15 에 등록된 네이버 페이 구매평)
,108,보통 ,네****,2018-09-26 02:37:01,생각보다 무거워서 통통튀는게 그닥..(2018-09-25 13:52:31 에 등록된 네이버 페이 구매평)
[BECO PETS] 비코푸드 와일드보어 멧돼지 2kg 사료 BFDB-001❤사업자회원전용❤,107,좋아요 ,김****,2018-09-20 19:57:57,박람회때 처음보고 구매햏는데 @>@잘먹고 좋아요 배송도빠르구욫춴합니다
[BECO PETS] 비코푸드 와일드보어 멧돼지 2kg 사료 BFDB-001❤사업자회원전용❤,106,좋아요 ,현****,2018-09-18 23:45:35,비코펫츠 잘먹어서 구매했어요 @>@샘플로 보내주신 사료랑 그릇 잘쓸께요
[BECO PETS] 비코 친환경 풉백❤사업자회원전용❤,105,저럼하게 구매햇어요 ,현****,2018-09-18 23:45:35,비코펫츠 잘먹어서 구매했어요 @>@샘플로 보내주신 사료랑 그릇 잘쓸께요
,98,만족 ,네****,2018-08-19 02:50:02,향은워낙알아주죠ㅋ(2018-08-18 14:21:36 에 등록된 네이버 페이 구매평)
[BECO PETS] 비코 친환경 풉백❤사업자회원전용❤,97,만족 ,네****,2018-08-05 02:55:41,맘에들어요(2018-08-04 20:15:36 에 등록된 네이버 페이 구매평)
,96,튼튼하고 좋아해요 ,김****,2018-08-03 12:28:31,소방호수 재질이라서 튼튼해요돌기마다 물고 뛰댕기는데 귀여워 죽겠어용~
,95,너무 예뻐용 ^^* ,김****,2018-08-03 12:26:17,세트로 할려고 샀어요~산책할땐 목줄로도 사용하고 평상시엔 케이프 대용으로 사용할수 있어서 예쁘네용
,94,만족 ,네****,2018-07-18 02:51:11,배송빠르고옷도귀여워요(2018-07-17 20:04:46 에 등록된 네이버 페이 구매평)
,93,만족 ,네****,2018-07-18 02:51:11,배송빠르구 옷도귀여워요(2018-07-17 20:04:46 에 등록된 네이버 페이 구매평)
[BECO PETS] 비코 스포크❤사업자회원전용❤,92,만족 [7],네****,2018-07-13 02:49:31,배송빠르네욤ㅋ단단해요~ㅋㅎㅋㅎㅋㅎㅋㅎㅁㅎㅂㅎㅂㅍㅂㅍㅈㅊㄹㅁㅎㅁㅎㅂㅍㅁㅊㅁㅎㅎㅁㅂㅎㅈㅍㅈㅍㅁㅎㅁㅆㅂㅁㄹㅁㄹㅊㅁㅊㅁㅁㅁ(2018-07-12 19:26:17 에 등록된 네이버 페이 구매평)
,91,만족 ,네****,2018-07-11 02:54:52,완전이뻐요(2018-07-10 23:24:55 에 등록된 네이버 페이 구매평)
,90,만족 ,네****,2018-07-11 02:54:52,완전이뻐요(2018-07-10 23:24:55 에 등록된 네이버 페이 구매평)
,83,만족 ,네****,2018-07-05 02:22:17,강아지 입히니까 너무 예뻐요(2018-07-04 01:04:13 에 등록된 네이버 페이 구매평)
,82,만족 ,네****,2018-07-05 02:22:17,배송도 빠르고 프린트도 귀엽고 ㅎㅎ 만족스러워요!(2018-07-04 01:04:13 에 등록된 네이버 페이 구매평)
,81,만족 ,네****,2018-07-03 02:39:15,첫번째장이라서 그런지 좀 마른감이 있었지만@>@잘썻어요(2018-07-02 13:10:16 에 등록된 네이버 페이 구매평)
,80,만족 ,네****,2018-07-03 02:39:15,향도좋구 아이들도 좋아하는거 같아요 @>@손씻어도 향이 계속 나는거 같아요(2018-07-02 13:10:16 에 등록된 네이버 페이 구매평)
,79,만족 ,네****,2018-07-03 02:39:15,향도 좋구 크기도 엄청커서 한 장을 찢어서@>@두 번 썻어요ㅋ강아지들도 향이좋은가봐요(2018-07-02 13:10:16 에 등록된 네이버 페이 구매평)
,78,만족 ,네****,2018-06-30 02:43:45,엄청 빨리 왓어요. 항상 쓰던건데 행사하네요(2018-06-29 23:23:41 에 등록된 네이버 페이 구매평)
,77,만족 ,네****,2018-06-30 02:43:45,행사해서 득템했네욤ㅎ(2018-06-29 23:23:41 에 등록된 네이버 페이 구매평)
,76,만족 ,네****,2018-06-28 02:48:01,좋아요.ㅎ(2018-06-27 18:15:59 에 등록된 네이버 페이 구매평)
,75,만족 ,네****,2018-06-28 02:48:01,좋아요.ㅎ(2018-06-27 18:15:59 에 등록된 네이버 페이 구매평)
,68,만족 ,네****,2018-06-20 02:31:13,펫페어에서 구매못해서 아쉬웠는데 @>@늦게나마 우리댕댕이품에 안겨줄수있어서@>@너무좋아요~^^@>@라떼가떨어지질않아용~@>@좋아하는거같아서 덩달아기분이좋아요(2018-06-19 10:22:10 에 등록된 네이버 페이 구매평)
,67,만족 ,네****,2018-06-19 02:38:22,냄새너무너무너무좋아요(2018-06-18 12:12:02 에 등록된 네이버 페이 구매평)
,66,만족 ,네****,2018-06-19 02:32:22,만족합니다(2018-06-18 10:10:56 에 등록된 네이버 페이 구매평)
,65,만족 ,네****,2018-06-16 02:40:52,만족합니다(2018-06-15 19:57:55 에 등록된 네이버 페이 구매평)
,64,만족 ,네****,2018-06-13 02:42:54,잘쓰고있어요(2018-06-12 16:42:43 에 등록된 네이버 페이 구매평)
,63,만족 ,네****,2018-06-09 02:37:29,싸게 좋은제품 잘 구매 했어요~3가지 다 향도 너무 좋고 향 지속력도 좋고 너무 마음에 들어요ㅎㅎ(2018-06-08 16:20:33 에 등록된 네이버 페이 구매평)
,62,만족 ,네****,2018-06-09 02:33:19,배송빨라요(2018-06-08 13:19:13 에 등록된 네이버 페이 구매평)
,61,만족 ,네****,2018-06-09 02:33:19,배송빨라요(2018-06-08 13:19:13 에 등록된 네이버 페이 구매평)
,60,만족 ,네****,2018-06-08 02:33:11,만족합니다(2018-06-07 13:15:43 에 등록된 네이버 페이 구매평)
,53,만족 ,네****,2018-06-05 02:35:27,배송빨라요(2018-06-04 10:26:23 에 등록된 네이버 페이 구매평)
,52,만족 ,네****,2018-06-05 02:35:27,배송빨라요(2018-06-04 10:26:23 에 등록된 네이버 페이 구매평)
,51,만족 ,네****,2018-06-01 02:33:38,가성대비 너무 좋아요❤️(2018-05-31 11:52:22 에 등록된 네이버 페이 구매평)
,50,만족 ,네****,2018-06-01 02:25:30,잘닦. 여요(2018-05-31 07:10:24 에 등록된 네이버 페이 구매평)
,49,만족 ,네****,2018-06-01 02:25:30,향조아요굿(2018-05-31 07:10:24 에 등록된 네이버 페이 구매평)
,48,만족 ,네****,2018-06-01 02:25:30,애든발닦이기굿(2018-05-31 07:10:24 에 등록된 네이버 페이 구매평)
[BECO PETS] 비코푸드 MSC 흰살생선 2kg 사료 BFDF-001❤사업자회원전용❤,47,좋아요 ,김****,2018-05-30 18:10:27,다른사료 다 먹여봤는데 여기꺼 잘먹고@>@다만 알갱이가 조금큰것빼고는 다 괨찮은것같아요
,46,전에 구매하고 늦지만 올립니다 ,김****,2018-04-11 17:17:00,커플 슬리브리스 탑 등판 그림도 예쁘고 컬러감이 예쁘네요 
,45,구매후기임당 ,김****,2018-04-11 17:11:49,레인부우탑은 윗쪽은 매쉬소재를써서 시원함을 더해 줘서 여름에 입기시원하네요
